mu,table_top_5yr,table_side_5yr
3.500000000000e-01,5.421123981193e-01,5.421123981193e-01
3.743589743590e-01,5.600177669935e-01,5.600177669935e-01
3.987179487179e-01,5.772892954816e-01,5.772892954816e-01
4.230769230769e-01,5.939848182092e-01,5.939848182092e-01
4.474358974359e-01,6.101539287467e-01,6.101539287467e-01
4.717948717949e-01,6.257827285472e-01,6.257827285472e-01
4.961538461538e-01,6.409622894164e-01,6.409622894164e-01
5.205128205128e-01,6.557299313472e-01,6.557299313472e-01
5.448717948718e-01,6.701146112151e-01,6.701146112151e-01
5.692307692308e-01,6.841420702677e-01,6.841420702677e-01
5.935897435897e-01,6.978353119711e-01,6.978353119711e-01
6.179487179487e-01,7.112149923227e-01,7.112149923227e-01
6.423076923077e-01,7.242997414595e-01,7.242997414595e-01
6.666666666667e-01,7.371053869776e-01,7.371053869776e-01
6.910256410256e-01,7.496077461516e-01,7.496077461516e-01
7.153846153846e-01,7.618620363349e-01,7.618620363349e-01
7.397435897436e-01,7.738810279353e-01,7.738810279353e-01
7.641025641026e-01,7.856764426492e-01,7.856764426492e-01
7.884615384615e-01,7.972590699075e-01,7.972590699075e-01
8.128205128205e-01,8.086388672221e-01,8.086388672221e-01
8.371794871795e-01,8.187640858241e-01,8.198250470723e-01
8.615384615385e-01,8.187640858241e-01,8.308261524729e-01
8.858974358974e-01,8.187640858241e-01,8.416501229748e-01
9.102564102564e-01,8.187640858241e-01,8.523043525366e-01
9.346153846154e-01,8.187640858241e-01,8.627957404594e-01
9.589743589744e-01,8.187640858241e-01,8.731307363723e-01
9.833333333333e-01,8.187640858241e-01,8.833153800978e-01
1.007692307692e+00,8.187640858241e-01,8.933553370899e-01
1.032051282051e+00,8.187640858241e-01,9.032559300319e-01
1.056410256410e+00,8.187640858241e-01,9.130221670906e-01
1.080769230769e+00,8.187640858241e-01,9.226587672483e-01
1.105128205128e+00,8.187640858241e-01,9.321589458239e-01
1.129487179487e+00,8.187640858241e-01,9.415239553479e-01
1.153846153846e+00,8.187640858241e-01,9.507722211632e-01
1.178205128205e+00,8.187640858241e-01,9.599075044936e-01
1.202564102564e+00,8.187640858241e-01,9.689333715728e-01
1.226923076923e+00,8.187640858241e-01,9.778532074567e-01
1.251282051282e+00,8.187640858241e-01,9.866702286039e-01
1.275641025641e+00,8.187640858241e-01,9.953874943577e-01
1.300000000000e+00,8.187640858241e-01,1.004007917442e+00
