years,block_free,block_staked,block_staked_side,dome_free,dome_staked,dome_staked_side,table_free,table_staked,table_staked_side,spider_free,spider_staked,spider_staked_side,tetra_free,tetra_staked,tetra_staked_side
0.000000000000e+00,1.668607254987e+00,1.911799548603e+00,1.911799548603e+00,1.550965148106e+00,1.758602224320e+00,1.758602224320e+00,8.324125576913e-01,1.001626183643e+00,1.001626183643e+00,7.095650101422e-01,8.557346675035e-01,8.557346675035e-01,8.913411030993e-01,1.073211433742e+00,1.073211433742e+00
1.000000000000e-01,1.663998822266e+00,1.907048449741e+00,1.907048449741e+00,1.543664035789e+00,1.751388745100e+00,1.751388745100e+00,8.207793438871e-01,9.878370748064e-01,9.878370748064e-01,7.028569404745e-01,8.477559855239e-01,8.477559855239e-01,8.884891870204e-01,1.069827265370e+00,1.069827265370e+00
2.000000000000e-01,1.658989817802e+00,1.901896421332e+00,1.901896421332e+00,1.535846078360e+00,1.743657654890e+00,1.743657654890e+00,8.092221909650e-01,9.741346187862e-01,9.741346187862e-01,6.962092770241e-01,8.398872543623e-01,8.398872543623e-01,8.854833141069e-01,1.066261922381e+00,1.066261922381e+00
3.000000000000e-01,1.653622727783e+00,1.896378816585e+00,1.896378816585e+00,1.527550446299e+00,1.735445847857e+00,1.735445847857e+00,7.978996809720e-01,9.607070531801e-01,9.607070531801e-01,6.897529184504e-01,8.322511736317e-01,8.322511736317e-01,8.823458223029e-01,1.062542125934e+00,1.062542125934e+00
4.000000000000e-01,1.647916907482e+00,1.890512522008e+00,1.890512522008e+00,1.518817094657e+00,1.726791041013e+00,1.726791041013e+00,7.869477310653e-01,9.477159403970e-01,9.477159403970e-01,6.835784059156e-01,8.249555409546e-01,8.249555409546e-01,8.790990223974e-01,1.058694551048e+00,1.058694551048e+00
5.000000000000e-01,1.641889691914e+00,1.884314962373e+00,1.884314962373e+00,1.509686421452e+00,1.717731485264e+00,1.717731485264e+00,7.764795998052e-01,9.352961247839e-01,9.352961247839e-01,6.777632080032e-01,8.180872444069e-01,8.180872444069e-01,8.757650580073e-01,1.054745660223e+00,1.054745660223e+00
6.000000000000e-01,1.635558880110e+00,1.877804015056e+00,1.877804015056e+00,1.500198942506e+00,1.708305686643e+00,1.708305686643e+00,7.665410943061e-01,9.235566062946e-01,9.235566062946e-01,6.723716153928e-01,8.116807288693e-01,8.116807288693e-01,8.723657707406e-01,1.050721543312e+00,1.050721543312e+00
7.000000000000e-01,1.628942640643e+00,1.870997924359e+00,1.870997924359e+00,1.490394986902e+00,1.698552141213e+00,1.698552141213e+00,7.572198779447e-01,9.125820884497e-01,9.125820884497e-01,6.674550250181e-01,8.058408027727e-01,8.058408027727e-01,8.689225721081e-01,1.046647765494e+00,1.046647765494e+00
8.000000000000e-01,1.622059418436e+00,1.863915216608e+00,1.863915216608e+00,1.480314416372e+00,1.688506508670e+00,1.688506508670e+00,7.485937145004e-01,9.024122349240e-01,9.024122349240e-01,6.630525411163e-01,8.006142458821e-01,8.006142458821e-01,8.654563235511e-01,1.042549224956e+00,1.042549224956e+00
9.000000000000e-01,1.614927843737e+00,1.856574616779e+00,1.856574616779e+00,1.469996371014e+00,1.678190090956e+00,1.678190090956e+00,7.406982089010e-01,8.930524194956e-01,8.930524194956e-01,6.591918200321e-01,7.960341831179e-01,7.960341831179e-01,8.619872257426e-01,1.038450021654e+00,1.038450021654e+00
1.000000000000e+00,1.607566644054e+00,1.848994967355e+00,1.848994967355e+00,1.459479042914e+00,1.667660351076e+00,1.667660351076e+00,7.335541322621e-01,8.845851333540e-01,8.845851333540e-01,6.558832325808e-01,7.921212870634e-01,7.921212870634e-01,8.585347180993e-01,1.034373338236e+00,1.034373338236e+00
1.100000000000e+00,1.599994559746e+00,1.841195150000e+00,1.841195150000e+00,1.448799478438e+00,1.656953620585e+00,1.656953620585e+00,7.271694721679e-01,8.765457104193e-01,8.770203221268e-01,6.530787246100e-01,7.888851152995e-01,7.888851152995e-01,8.551173892237e-01,1.030341333997e+00,1.030341333997e+00
1.200000000000e+00,1.592230263867e+00,1.833194010618e+00,1.833194010618e+00,1.437993409275e+00,1.646105160895e+00,1.646105160895e+00,7.215074408262e-01,8.669587523794e-01,8.703550413043e-01,6.508389106212e-01,7.863255158128e-01,7.863255158128e-01,8.517528987786e-01,1.026375052423e+00,1.026375052423e+00
1.300000000000e+00,1.584292286747e+00,1.825010288231e+00,1.825010288231e+00,1.427095111689e+00,1.635149020832e+00,1.635149020832e+00,7.165333146051e-01,8.584054634224e-01,8.645756658098e-01,6.491569195313e-01,7.844340437849e-01,7.844340437849e-01,8.484579110918e-01,1.022494342700e+00,1.022494342700e+00
1.400000000000e+00,1.576198945720e+00,1.816662548059e+00,1.816662548059e+00,1.416137292956e+00,1.624117916483e+00,1.624117916483e+00,7.122845845165e-01,8.508509251379e-01,8.596599282201e-01,6.480200924418e-01,7.831464428355e-01,7.831464428355e-01,8.452480405945e-01,1.018717795280e+00,1.018717795280e+00
1.500000000000e+00,1.567968280261e+00,1.808169119115e+00,1.808169119115e+00,1.405151003511e+00,1.613043132618e+00,1.613043132618e+00,7.087368170500e-01,8.442112309182e-01,8.555445362338e-01,6.474110805766e-01,7.824623248913e-01,7.824623248913e-01,8.421378090175e-01,1.015062691433e+00,1.015062691433e+00
1.600000000000e+00,1.559617992756e+00,1.799548036515e+00,1.799548036515e+00,1.394165573090e+00,1.601954444692e+00,1.601954444692e+00,7.058612594689e-01,8.384242116102e-01,8.521699447854e-01,6.472957645152e-01,7.823836984622e-01,7.823836984622e-01,8.391406141078e-01,1.011529106301e+00,1.011529106301e+00
1.700000000000e+00,1.551165395001e+00,1.790816988667e+00,1.790816988667e+00,1.383208568875e+00,1.590880060188e+00,1.590880060188e+00,7.036141546951e-01,8.334994846446e-01,8.495579732449e-01,6.475979796839e-01,7.828820900046e-01,7.828820900046e-01,8.362687094851e-01,1.008136474002e+00,1.008136474002e+00
1.800000000000e+00,1.542627360444e+00,1.781993269424e+00,1.781993269424e+00,1.372305773560e+00,1.579846577912e+00,1.579846577912e+00,7.018919723687e-01,8.293862846647e-01,8.476682579910e-01,6.483569822864e-01,7.839266968431e-01,7.839266968431e-01,8.335331951313e-01,1.004907020333e+00,1.004907020333e+00
1.900000000000e+00,1.534020282159e+00,1.773093735206e+00,1.773093735206e+00,1.361481181181e+00,1.568878963729e+00,1.568878963729e+00,7.007416392503e-01,8.260332141134e-01,8.464589574267e-01,6.495459346369e-01,7.854852372578e-01,7.854852372578e-01,8.309440179027e-01,1.001852580879e+00,1.001852580879e+00
2.000000000000e+00,1.525360036405e+00,1.764134767063e+00,1.764134767063e+00,1.350757008553e+00,1.558000541173e+00,1.558000541173e+00,7.001275484613e-01,8.233891223281e-01,8.458876211453e-01,6.511373569966e-01,7.875246751442e-01,7.875246751442e-01,8.284920789734e-01,9.989836297476e-01,9.989836297476e-01
2.100000000000e+00,1.516661951634e+00,1.755132237596e+00,1.755132237596e+00,1.340153720216e+00,1.547232995346e+00,1.547232995346e+00,7.000141846443e-01,8.213334748490e-01,8.459091180189e-01,6.531036332404e-01,7.899520625297e-01,7.899520625297e-01,8.261861687071e-01,9.963093010603e-01,9.963093010603e-01
2.200000000000e+00,1.507940782720e+00,1.746101482595e+00,1.746101482595e+00,1.329690064875e+00,1.536596388519e+00,1.536596388519e+00,7.003665981178e-01,8.198594266079e-01,8.463960946092e-01,6.553685559265e-01,7.927745861153e-01,7.927745861153e-01,8.240478946521e-01,9.938374196766e-01,9.938374196766e-01
2.300000000000e+00,1.499210690173e+00,1.737057277239e+00,1.737057277239e+00,1.319383121441e+00,1.526109185938e+00,1.526109185938e+00,7.010639683493e-01,8.189497182277e-01,8.473973659484e-01,6.579244383150e-01,7.959799379397e-01,7.959799379397e-01,8.220828200962e-01,9.849629365141e-01,9.915745401681e-01
2.400000000000e+00,1.496301036111e+00,1.734042023655e+00,1.734042023655e+00,1.315985016538e+00,1.522649618391e+00,1.522649618391e+00,7.013858870576e-01,8.187640858241e-01,8.478385964849e-01,6.588432193359e-01,7.971280634665e-01,7.971280634665e-01,8.214670972556e-01,9.818978302133e-01,9.908676474619e-01
2.500000000000e+00,1.496301036111e+00,1.734042023655e+00,1.734042023655e+00,1.315985016538e+00,1.522649618391e+00,1.522649618391e+00,7.013858870576e-01,8.187640858241e-01,8.478385964849e-01,6.588432193359e-01,7.971280634665e-01,7.971280634665e-01,8.214670972556e-01,9.818978302133e-01,9.908676474619e-01
2.600000000000e+00,1.496301036111e+00,1.734042023655e+00,1.734042023655e+00,1.315985016538e+00,1.522649618391e+00,1.522649618391e+00,7.013858870576e-01,8.187640858241e-01,8.478385964849e-01,6.588432193359e-01,7.971280634665e-01,7.971280634665e-01,8.214670972556e-01,9.818978302133e-01,9.908676474619e-01
2.700000000000e+00,1.496301036111e+00,1.734042023655e+00,1.734042023655e+00,1.315985016538e+00,1.522649618391e+00,1.522649618391e+00,7.013858870576e-01,8.187640858241e-01,8.478385964849e-01,6.588432193359e-01,7.971280634665e-01,7.971280634665e-01,8.214670972556e-01,9.818978302133e-01,9.908676474619e-01
2.800000000000e+00,1.496301036111e+00,1.734042023655e+00,1.734042023655e+00,1.315985016538e+00,1.522649618391e+00,1.522649618391e+00,7.013858870576e-01,8.187640858241e-01,8.478385964849e-01,6.588432193359e-01,7.971280634665e-01,7.971280634665e-01,8.214670972556e-01,9.818978302133e-01,9.908676474619e-01
2.900000000000e+00,1.496301036111e+00,1.734042023655e+00,1.734042023655e+00,1.315985016538e+00,1.522649618391e+00,1.522649618391e+00,7.013858870576e-01,8.187640858241e-01,8.478385964849e-01,6.588432193359e-01,7.971280634665e-01,7.971280634665e-01,8.214670972556e-01,9.818978302133e-01,9.908676474619e-01
3.000000000000e+00,1.496301036111e+00,1.734042023655e+00,1.734042023655e+00,1.315985016538e+00,1.522649618391e+00,1.522649618391e+00,7.013858870576e-01,8.187640858241e-01,8.478385964849e-01,6.588432193359e-01,7.971280634665e-01,7.971280634665e-01,8.214670972556e-01,9.818978302133e-01,9.908676474619e-01
3.100000000000e+00,1.496301036111e+00,1.734042023655e+00,1.734042023655e+00,1.315985016538e+00,1.522649618391e+00,1.522649618391e+00,7.013858870576e-01,8.187640858241e-01,8.478385964849e-01,6.588432193359e-01,7.971280634665e-01,7.971280634665e-01,8.214670972556e-01,9.818978302133e-01,9.908676474619e-01
3.200000000000e+00,1.496301036111e+00,1.734042023655e+00,1.734042023655e+00,1.315985016538e+00,1.522649618391e+00,1.522649618391e+00,7.013858870576e-01,8.187640858241e-01,8.478385964849e-01,6.588432193359e-01,7.971280634665e-01,7.971280634665e-01,8.214670972556e-01,9.818978302133e-01,9.908676474619e-01
3.300000000000e+00,1.496301036111e+00,1.734042023655e+00,1.734042023655e+00,1.315985016538e+00,1.522649618391e+00,1.522649618391e+00,7.013858870576e-01,8.187640858241e-01,8.478385964849e-01,6.588432193359e-01,7.971280634665e-01,7.971280634665e-01,8.214670972556e-01,9.818978302133e-01,9.908676474619e-01
3.400000000000e+00,1.496301036111e+00,1.734042023655e+00,1.734042023655e+00,1.315985016538e+00,1.522649618391e+00,1.522649618391e+00,7.013858870576e-01,8.187640858241e-01,8.478385964849e-01,6.588432193359e-01,7.971280634665e-01,7.971280634665e-01,8.214670972556e-01,9.818978302133e-01,9.908676474619e-01
3.500000000000e+00,1.496301036111e+00,1.734042023655e+00,1.734042023655e+00,1.315985016538e+00,1.522649618391e+00,1.522649618391e+00,7.013858870576e-01,8.187640858241e-01,8.478385964849e-01,6.588432193359e-01,7.971280634665e-01,7.971280634665e-01,8.214670972556e-01,9.818978302133e-01,9.908676474619e-01
3.600000000000e+00,1.496301036111e+00,1.734042023655e+00,1.734042023655e+00,1.315985016538e+00,1.522649618391e+00,1.522649618391e+00,7.013858870576e-01,8.187640858241e-01,8.478385964849e-01,6.588432193359e-01,7.971280634665e-01,7.971280634665e-01,8.214670972556e-01,9.818978302133e-01,9.908676474619e-01
3.700000000000e+00,1.496301036111e+00,1.734042023655e+00,1.734042023655e+00,1.315985016538e+00,1.522649618391e+00,1.522649618391e+00,7.013858870576e-01,8.187640858241e-01,8.478385964849e-01,6.588432193359e-01,7.971280634665e-01,7.971280634665e-01,8.214670972556e-01,9.818978302133e-01,9.908676474619e-01
3.800000000000e+00,1.496301036111e+00,1.734042023655e+00,1.734042023655e+00,1.315985016538e+00,1.522649618391e+00,1.522649618391e+00,7.013858870576e-01,8.187640858241e-01,8.478385964849e-01,6.588432193359e-01,7.971280634665e-01,7.971280634665e-01,8.214670972556e-01,9.818978302133e-01,9.908676474619e-01
3.900000000000e+00,1.496301036111e+00,1.734042023655e+00,1.734042023655e+00,1.315985016538e+00,1.522649618391e+00,1.522649618391e+00,7.013858870576e-01,8.187640858241e-01,8.478385964849e-01,6.588432193359e-01,7.971280634665e-01,7.971280634665e-01,8.214670972556e-01,9.818978302133e-01,9.908676474619e-01
4.000000000000e+00,1.496301036111e+00,1.734042023655e+00,1.734042023655e+00,1.315985016538e+00,1.522649618391e+00,1.522649618391e+00,7.013858870576e-01,8.187640858241e-01,8.478385964849e-01,6.588432193359e-01,7.971280634665e-01,7.971280634665e-01,8.214670972556e-01,9.818978302133e-01,9.908676474619e-01
4.100000000000e+00,1.496301036111e+00,1.734042023655e+00,1.734042023655e+00,1.315985016538e+00,1.522649618391e+00,1.522649618391e+00,7.013858870576e-01,8.187640858241e-01,8.478385964849e-01,6.588432193359e-01,7.971280634665e-01,7.971280634665e-01,8.214670972556e-01,9.818978302133e-01,9.908676474619e-01
4.200000000000e+00,1.496301036111e+00,1.734042023655e+00,1.734042023655e+00,1.315985016538e+00,1.522649618391e+00,1.522649618391e+00,7.013858870576e-01,8.187640858241e-01,8.478385964849e-01,6.588432193359e-01,7.971280634665e-01,7.971280634665e-01,8.214670972556e-01,9.818978302133e-01,9.908676474619e-01
4.300000000000e+00,1.496301036111e+00,1.734042023655e+00,1.734042023655e+00,1.315985016538e+00,1.522649618391e+00,1.522649618391e+00,7.013858870576e-01,8.187640858241e-01,8.478385964849e-01,6.588432193359e-01,7.971280634665e-01,7.971280634665e-01,8.214670972556e-01,9.818978302133e-01,9.908676474619e-01
4.400000000000e+00,1.496301036111e+00,1.734042023655e+00,1.734042023655e+00,1.315985016538e+00,1.522649618391e+00,1.522649618391e+00,7.013858870576e-01,8.187640858241e-01,8.478385964849e-01,6.588432193359e-01,7.971280634665e-01,7.971280634665e-01,8.214670972556e-01,9.818978302133e-01,9.908676474619e-01
4.500000000000e+00,1.496301036111e+00,1.734042023655e+00,1.734042023655e+00,1.315985016538e+00,1.522649618391e+00,1.522649618391e+00,7.013858870576e-01,8.187640858241e-01,8.478385964849e-01,6.588432193359e-01,7.971280634665e-01,7.971280634665e-01,8.214670972556e-01,9.818978302133e-01,9.908676474619e-01
4.600000000000e+00,1.496301036111e+00,1.734042023655e+00,1.734042023655e+00,1.315985016538e+00,1.522649618391e+00,1.522649618391e+00,7.013858870576e-01,8.187640858241e-01,8.478385964849e-01,6.588432193359e-01,7.971280634665e-01,7.971280634665e-01,8.214670972556e-01,9.818978302133e-01,9.908676474619e-01
4.700000000000e+00,1.496301036111e+00,1.734042023655e+00,1.734042023655e+00,1.315985016538e+00,1.522649618391e+00,1.522649618391e+00,7.013858870576e-01,8.187640858241e-01,8.478385964849e-01,6.588432193359e-01,7.971280634665e-01,7.971280634665e-01,8.214670972556e-01,9.818978302133e-01,9.908676474619e-01
4.800000000000e+00,1.496301036111e+00,1.734042023655e+00,1.734042023655e+00,1.315985016538e+00,1.522649618391e+00,1.522649618391e+00,7.013858870576e-01,8.187640858241e-01,8.478385964849e-01,6.588432193359e-01,7.971280634665e-01,7.971280634665e-01,8.214670972556e-01,9.818978302133e-01,9.908676474619e-01
4.900000000000e+00,1.496301036111e+00,1.734042023655e+00,1.734042023655e+00,1.315985016538e+00,1.522649618391e+00,1.522649618391e+00,7.013858870576e-01,8.187640858241e-01,8.478385964849e-01,6.588432193359e-01,7.971280634665e-01,7.971280634665e-01,8.214670972556e-01,9.818978302133e-01,9.908676474619e-01
5.000000000000e+00,1.496301036111e+00,1.734042023655e+00,1.734042023655e+00,1.315985016538e+00,1.522649618391e+00,1.522649618391e+00,7.013858870576e-01,8.187640858241e-01,8.478385964849e-01,6.588432193359e-01,7.971280634665e-01,7.971280634665e-01,8.214670972556e-01,9.818978302133e-01,9.908676474619e-01
