zp_over_b,Lambda,theta_sim,theta_closed_form,mode_sim_0slide_1tip
1.250000000000e-01,0.000000000000e+00,6.003152103825e-01,6.000000000000e-01,0.000000000000e+00
1.631889622137e-01,0.000000000000e+00,6.003152103825e-01,6.000000000000e-01,0.000000000000e+00
2.130450991071e-01,0.000000000000e+00,6.003152103825e-01,6.000000000000e-01,0.000000000000e+00
2.781328690241e-01,0.000000000000e+00,6.003152103825e-01,6.000000000000e-01,0.000000000000e+00
3.631057140286e-01,0.000000000000e+00,6.003152103825e-01,6.000000000000e-01,0.000000000000e+00
4.740387571696e-01,0.000000000000e+00,6.003152103825e-01,6.000000000000e-01,0.000000000000e+00
6.188631426527e-01,0.000000000000e+00,6.003152103825e-01,6.000000000000e-01,0.000000000000e+00
8.079330720146e-01,0.000000000000e+00,6.003152103825e-01,6.000000000000e-01,0.000000000000e+00
1.054766076482e+00,0.000000000000e+00,6.003152103825e-01,6.000000000000e-01,0.000000000000e+00
1.377009451194e+00,0.000000000000e+00,6.003152103825e-01,6.000000000000e-01,0.000000000000e+00
1.797701946391e+00,0.000000000000e+00,5.563832326904e-01,5.562657380482e-01,1.000000000000e+00
2.346920920009e+00,0.000000000000e+00,4.261801971338e-01,4.260901982143e-01,1.000000000000e+00
3.063932714672e+00,0.000000000000e+00,3.263443288261e-01,3.263779244275e-01,1.000000000000e+00
4.000000000000e+00,0.000000000000e+00,2.500528050867e-01,2.500000000000e-01,1.000000000000e+00
1.250000000000e-01,5.000000000000e-01,4.619259028357e-01,4.615384615385e-01,0.000000000000e+00
1.631889622137e-01,5.000000000000e-01,4.619259028357e-01,4.615384615385e-01,0.000000000000e+00
2.130450991071e-01,5.000000000000e-01,4.619259028357e-01,4.615384615385e-01,0.000000000000e+00
2.781328690241e-01,5.000000000000e-01,4.619259028357e-01,4.615384615385e-01,0.000000000000e+00
3.631057140286e-01,5.000000000000e-01,4.619259028357e-01,4.615384615385e-01,0.000000000000e+00
4.740387571696e-01,5.000000000000e-01,4.619259028357e-01,4.615384615385e-01,0.000000000000e+00
6.188631426527e-01,5.000000000000e-01,4.619259028357e-01,4.615384615385e-01,0.000000000000e+00
8.079330720146e-01,5.000000000000e-01,4.619259028357e-01,4.615384615385e-01,0.000000000000e+00
1.054766076482e+00,5.000000000000e-01,4.619259028357e-01,4.615384615385e-01,0.000000000000e+00
1.377009451194e+00,5.000000000000e-01,4.619259028357e-01,4.615384615385e-01,0.000000000000e+00
1.797701946391e+00,5.000000000000e-01,4.353093846301e-01,4.352174578477e-01,1.000000000000e+00
2.346920920009e+00,5.000000000000e-01,3.514412162296e-01,3.512566833071e-01,1.000000000000e+00
3.063932714672e+00,5.000000000000e-01,2.806481772872e-01,2.805889112000e-01,1.000000000000e+00
4.000000000000e+00,5.000000000000e-01,2.222691600771e-01,2.222222222222e-01,1.000000000000e+00
