Uc_over_ub,drift_relative_m,drift_ambient_m,drift_event_driven_m,drift_closed_form_m
0.000000000000e+00,-9.546140383258e-16,-9.547688799014e-16,0.000000000000e+00,0.000000000000e+00
1.666666666667e-02,-1.036061450775e-15,-1.036027219915e-15,0.000000000000e+00,0.000000000000e+00
3.333333333333e-02,-1.102094659576e-15,-1.102008472845e-15,0.000000000000e+00,0.000000000000e+00
5.000000000000e-02,-1.186406537695e-15,-1.186313202146e-15,0.000000000000e+00,0.000000000000e+00
6.666666666667e-02,-1.272207605754e-15,-1.272259977590e-15,0.000000000000e+00,0.000000000000e+00
8.333333333333e-02,-1.375494919660e-15,-1.375561174109e-15,0.000000000000e+00,0.000000000000e+00
1.000000000000e-01,-1.466488771492e-15,-1.466416061408e-15,0.000000000000e+00,0.000000000000e+00
1.166666666667e-01,-1.576434190076e-15,-1.576469069340e-15,0.000000000000e+00,0.000000000000e+00
1.333333333333e-01,-1.670458435183e-15,-1.670600507878e-15,0.000000000000e+00,0.000000000000e+00
1.500000000000e-01,-1.787444329650e-15,-1.787460799605e-15,0.000000000000e+00,0.000000000000e+00
1.666666666667e-01,-1.910993774146e-15,-1.911212957685e-15,0.000000000000e+00,0.000000000000e+00
1.833333333333e-01,-2.033149329013e-15,-2.033078461860e-15,0.000000000000e+00,0.000000000000e+00
2.000000000000e-01,5.953200861063e-05,6.972090072746e-05,5.930699982659e-05,6.995543089712e-05
2.166666666667e-01,5.400339475327e-03,8.705250265723e-03,5.387754615277e-03,8.719903249941e-03
2.333333333333e-01,1.706961022693e-02,3.195494166275e-02,1.703584399287e-02,3.180037940499e-02
2.500000000000e-01,3.364068733006e-02,7.016234992294e-02,3.358209532021e-02,6.927118552016e-02
2.666666666667e-01,5.437453105706e-02,1.237221548318e-01,5.428891510195e-02,1.211305344562e-01
2.833333333333e-01,7.878947494131e-02,1.930547254649e-01,7.867615932002e-02,1.873959982762e-01
3.000000000000e-01,1.065393174361e-01,2.786089430132e-01,1.063986124105e-01,2.680183164209e-01
3.166666666667e-01,1.373636372274e-01,3.808593304487e-01,1.371929280038e-01,3.630850139712e-01
3.333333333333e-01,1.710493024059e-01,5.002941697757e-01,1.708500514868e-01,4.725866158388e-01
3.500000000000e-01,2.074256817348e-01,6.374211050037e-01,2.071991256278e-01,5.965518011284e-01
3.666666666667e-01,2.463532577202e-01,7.927865964530e-01,2.460974500667e-01,7.350156200074e-01
3.833333333333e-01,2.877074327043e-01,9.669374441084e-01,2.874237023582e-01,8.881466866439e-01
4.000000000000e-01,3.313847841428e-01,1.160456098556e+00,3.310733329684e-01,1.055905296581e+00
4.166666666667e-01,3.772940245008e-01,1.373947757270e+00,3.769551158132e-01,1.238346843465e+00
4.333333333333e-01,4.253536590652e-01,1.608043817101e+00,4.249887215255e-01,1.435531379390e+00
4.500000000000e-01,4.754948922903e-01,1.863400921581e+00,4.751029416691e-01,1.647737843427e+00
