unit_index,material_index,Hc_m
0.000000000000e+00,0.000000000000e+00,1.797738730643e+00
0.000000000000e+00,1.000000000000e+00,2.989318616513e+00
0.000000000000e+00,2.000000000000e+00,3.382971738839e+00
0.000000000000e+00,3.000000000000e+00,3.719956252522e+00
0.000000000000e+00,4.000000000000e+00,5.087672631709e+00
0.000000000000e+00,5.000000000000e+00,6.863706728237e+00
1.000000000000e+00,0.000000000000e+00,1.737361017962e+00
1.000000000000e+00,1.000000000000e+00,2.814902277514e+00
1.000000000000e+00,2.000000000000e+00,3.176386415048e+00
1.000000000000e+00,3.000000000000e+00,3.487441823104e+00
1.000000000000e+00,4.000000000000e+00,4.757912392459e+00
1.000000000000e+00,5.000000000000e+00,6.421710381619e+00
2.000000000000e+00,0.000000000000e+00,4.447134934043e-01
2.000000000000e+00,1.000000000000e+00,7.269562234471e-01
2.000000000000e+00,2.000000000000e+00,8.269555280273e-01
2.000000000000e+00,3.000000000000e+00,9.148535272757e-01
2.000000000000e+00,4.000000000000e+00,1.289918611432e+00
2.000000000000e+00,5.000000000000e+00,1.815190131097e+00
3.000000000000e+00,0.000000000000e+00,5.228319657100e-01
3.000000000000e+00,1.000000000000e+00,8.532684902767e-01
3.000000000000e+00,2.000000000000e+00,9.698516559016e-01
3.000000000000e+00,3.000000000000e+00,1.072176424485e+00
3.000000000000e+00,4.000000000000e+00,1.507520921641e+00
3.000000000000e+00,5.000000000000e+00,2.113318775165e+00
4.000000000000e+00,0.000000000000e+00,9.859911127261e-01
4.000000000000e+00,1.000000000000e+00,1.601002915884e+00
4.000000000000e+00,2.000000000000e+00,1.813487228827e+00
4.000000000000e+00,3.000000000000e+00,1.998446910621e+00
4.000000000000e+00,4.000000000000e+00,2.770921245019e+00
4.000000000000e+00,5.000000000000e+00,3.814673089286e+00
