t_over_T,sheltered,monsoon,swell,strait
0.000000000000e+00,4.214404221345e-01,1.026484072186e+00,1.383371876005e+00,1.275393186065e+00
5.012531328321e-03,4.212112646031e-01,1.025815760730e+00,1.382685839881e+00,1.275140094628e+00
1.002506265664e-02,4.205240992504e-01,1.023812120902e+00,1.380628411942e+00,1.274381140102e+00
1.503759398496e-02,4.193798471784e-01,1.020477032529e+00,1.377201632811e+00,1.273117281256e+00
2.005012531328e-02,4.177800414866e-01,1.015816949374e+00,1.372408901277e+00,1.271350114074e+00
2.506265664160e-02,4.157268241713e-01,1.009840880253e+00,1.366254970922e+00,1.269081868812e+00
3.007518796992e-02,4.132229417995e-01,1.002560362703e+00,1.358745945411e+00,1.266315405894e+00
3.508771929825e-02,4.102717399675e-01,9.939894292879e-01,1.349889272434e+00,1.263054210652e+00
4.010025062657e-02,4.068771565634e-01,9.841445666591e-01,1.339693736321e+00,1.259302386926e+00
4.511278195489e-02,4.030437138522e-01,9.730446675331e-01,1.328169449330e+00,1.255064649552e+00
5.012531328321e-02,3.987765094075e-01,9.607109757461e-01,1.315327841615e+00,1.250346315737e+00
5.513784461153e-02,3.940812059178e-01,9.471670245895e-01,1.301181649891e+00,1.245153295371e+00
6.015037593985e-02,3.889640198963e-01,9.324385686483e-01,1.285744904802e+00,1.239492080286e+00
6.516290726817e-02,3.834317093298e-01,9.165535093861e-01,1.269032917002e+00,1.233369732494e+00
7.017543859649e-02,3.774915603021e-01,8.995418147459e-01,1.251062261972e+00,1.226793871448e+00
7.518796992481e-02,3.711513726321e-01,8.814354330547e-01,1.231850763581e+00,1.219772660347e+00
8.020050125313e-02,3.644194445689e-01,8.622682015413e-01,1.211417476403e+00,1.212314791528e+00
8.521303258145e-02,3.573045565900e-01,8.420757497946e-01,1.189782666823e+00,1.204429470990e+00
9.022556390977e-02,3.498159543490e-01,8.208953985089e-01,1.166967792934e+00,1.196126402091e+00
9.523809523810e-02,3.419633308236e-01,7.987660538776e-01,1.142995483253e+00,1.187415768454e+00
1.002506265664e-01,3.337568077158e-01,7.757280980112e-01,1.117889514281e+00,1.178308216138e+00
1.052631578947e-01,3.252069161586e-01,7.518232757721e-01,1.091674786915e+00,1.168814835125e+00
1.102756892231e-01,3.163245767850e-01,7.270945784256e-01,1.064377301757e+00,1.158947140156e+00
1.152882205514e-01,3.071210792160e-01,7.015861245225e-01,1.036024133321e+00,1.148717050992e+00
1.203007518797e-01,2.976080610276e-01,6.753430384328e-01,1.006643403183e+00,1.138136872126e+00
1.253132832080e-01,2.877974862556e-01,6.484113269597e-01,9.762642520839e-01,1.127219272026e+00
1.303258145363e-01,2.777016234997e-01,6.208377544692e-01,9.449168110339e-01,1.115977261940e+00
1.353383458647e-01,2.673330236877e-01,5.926697169716e-01,9.126321714223e-01,1.104424174335e+00
1.403508771930e-01,2.567044975623e-01,5.639551155971e-01,8.794423541818e-01,1.092573641018e+00
1.453634085213e-01,2.458290929531e-01,5.347422299048e-01,8.453802780295e-01,1.080439570996e+00
1.503759398496e-01,2.347200718946e-01,5.050795914661e-01,8.104797268163e-01,1.068036128130e+00
1.553884711779e-01,2.233908876546e-01,4.750158581585e-01,7.747753160195e-01,1.055377708647e+00
1.604010025063e-01,2.118551617325e-01,4.445996896022e-01,7.383024584099e-01,1.042478918551e+00
1.654135338346e-01,2.001266608897e-01,4.138796241669e-01,7.010973289283e-01,1.029354551007e+00
1.704260651629e-01,1.882192742732e-01,3.829039579651e-01,6.631968288060e-01,1.016019563730e+00
1.754385964912e-01,1.761469906891e-01,3.517206262428e-01,6.246385489651e-01,1.002489056458e+00
1.804511278195e-01,1.639238760876e-01,3.203770875646e-01,5.854607327346e-01,9.887782485423e-01
1.854636591479e-01,1.515640513125e-01,2.889202111795e-01,5.457022379191e-01,9.749024567146e-01
1.904761904762e-01,1.390816701733e-01,2.573961679385e-01,5.054024982591e-01,9.608770730830e-01
1.954887218045e-01,1.264908978904e-01,2.258503251215e-01,4.646014843188e-01,9.467175434011e-01
2.005012531328e-01,1.138058899669e-01,1.943271455117e-01,4.233396638421e-01,9.324393456604e-01
2.055137844612e-01,1.010407715344e-01,1.628700910412e-01,3.816579616156e-01,9.180579690506e-01
2.105263157895e-01,8.820961722015e-02,1.315215313098e-01,3.395977188778e-01,9.035888933310e-01
2.155388471178e-01,7.532643158016e-02,1.003226572591e-01,2.972006523161e-01,8.890475686552e-01
2.205513784461e-01,6.240513013888e-02,6.931340026446e-02,2.545088126900e-01,8.744493958863e-01
2.255639097744e-01,4.945952107553e-02,3.853235688248e-02,2.115645431248e-01,8.598097074422e-01
2.305764411028e-01,3.650328759239e-02,8.016719471664e-03,1.684104371134e-01,8.451437487027e-01
2.355889724311e-01,2.354997099841e-02,-2.219778712310e-02,1.250892962714e-01,8.304666600123e-01
2.406015037594e-01,1.061295453813e-02,-5.207696265363e-02,8.164408788483e-02,8.157934593067e-01
2.456140350877e-01,-2.294552007143e-03,-8.158818217711e-02,3.811790229391e-02,8.011390253900e-01
2.506265664160e-01,-1.515952692221e-02,-1.107004402732e-01,-5.446089845463e-03,7.865180818868e-01
2.556390977444e-01,-2.796915034453e-02,-1.393843886787e-01,-4.900468037963e-02,7.719451818894e-01
2.606516290727e-01,-4.071081721718e-02,-1.676123672756e-01,-9.251466651240e-02,7.574346933192e-01
2.656641604010e-01,-5.337214939466e-02,-1.953584283934e-01,-1.359328936550e-01,7.430007850167e-01
2.706766917293e-01,-6.594100689078e-02,-2.225983544152e-01,-1.792162982281e-01,7.286574135739e-01
2.756892230576e-01,-7.840549826192e-02,-2.493096687010e-01,-2.223219503737e-01,7.144183109168e-01
2.807017543860e-01,-9.075399012167e-02,-2.754716398708e-01,-2.652070965344e-01,7.002969726464e-01
2.857142857143e-01,-1.029751157866e-01,-3.010652795132e-01,-3.078292018574e-01,6.863066471410e-01
2.907268170426e-01,-1.150577830558e-01,-3.260733334140e-01,-3.501459923826e-01,6.724603254208e-01
2.957393483709e-01,-1.269911811310e-01,-3.504802664211e-01,-3.921154969703e-01,6.587707317735e-01
3.007518796992e-01,-1.387647866857e-01,-3.742722410905e-01,-4.336960889306e-01,6.452503151359e-01
3.057644110276e-01,-1.503683690962e-01,-3.974370902791e-01,-4.748465273091e-01,6.319112412235e-01
3.107769423559e-01,-1.617919948502e-01,-4.199642838751e-01,-5.155259977915e-01,6.187653853997e-01
3.157894736842e-01,-1.730260311514e-01,-4.418448898793e-01,-5.556941531846e-01,6.058243262710e-01
3.208020050125e-01,-1.840611487398e-01,-4.630715300702e-01,-5.953111534337e-01,5.930993399928e-01
3.258145363409e-01,-1.948883239546e-01,-4.836383305098e-01,-6.343377051372e-01,5.806013952702e-01
3.308270676692e-01,-2.054988400632e-01,-5.035408671630e-01,-6.727351005192e-01,5.683411490323e-01
3.358395989975e-01,-2.158842878866e-01,-5.227761069240e-01,-7.104652558213e-01,5.563289427598e-01
3.408521303258e-01,-2.260365657525e-01,-5.413423443598e-01,-7.474907490747e-01,5.445747994409e-01
3.458646616541e-01,-2.359478788092e-01,-5.592391344951e-01,-7.837748572170e-01,5.330884211313e-01
3.508771929825e-01,-2.456107377351e-01,-5.764672219806e-01,-8.192815925152e-01,5.218791870895e-01
3.558897243108e-01,-2.550179568818e-01,-5.930284669953e-01,-8.539757382592e-01,5.109561524601e-01
3.609022556391e-01,-2.641626518881e-01,-6.089257682497e-01,-8.878228836915e-01,5.003280474728e-01
3.659147869674e-01,-2.730382368071e-01,-6.241629834617e-01,-9.207894581360e-01,4.900032771271e-01
3.709273182957e-01,-2.816384207850e-01,-6.387448476908e-01,-9.528427642952e-01,4.799899213298e-01
3.759398496241e-01,-2.899572043368e-01,-6.526768899185e-01,-9.839510106800e-01,4.702957354495e-01
3.809523809524e-01,-2.979888752598e-01,-6.659653482698e-01,-1.014083343142e+00,4.609281512571e-01
3.859649122807e-01,-3.057280042302e-01,-6.786170842761e-01,-1.043209875474e+00,4.518942782135e-01
3.909774436090e-01,-3.131694401264e-01,-6.906394965783e-01,-1.071301719056e+00,4.432009050715e-01
3.959899749373e-01,-3.203083051238e-01,-7.020404344719e-01,-1.098331011503e+00,4.348545017549e-01
4.010025062657e-01,-3.271399896061e-01,-7.128281116931e-01,-1.124270944302e+00,4.268612214782e-01
4.060150375940e-01,-3.336601469360e-01,-7.230110208430e-01,-1.149095789403e+00,4.192269030727e-01
4.110275689223e-01,-3.398646881317e-01,-7.325978488418e-01,-1.172780924734e+00,4.119570734816e-01
4.160401002506e-01,-3.457497764905e-01,-7.415973937986e-01,-1.195302858624e+00,4.050569503891e-01
4.210526315789e-01,-3.513118222037e-01,-7.500184836744e-01,-1.216639253103e+00,3.985314449498e-01
4.260651629073e-01,-3.565474770040e-01,-7.578698971081e-01,-1.236768946056e+00,3.923851645827e-01
4.310776942356e-01,-3.614536288855e-01,-7.651602867624e-01,-1.255671972213e+00,3.866224157979e-01
4.360902255639e-01,-3.660273969374e-01,-7.718981055350e-01,-1.273329582950e+00,3.812472070232e-01
4.411027568922e-01,-3.702661263272e-01,-7.780915359680e-01,-1.289724264888e+00,3.762632514004e-01
4.461152882206e-01,-3.741673834707e-01,-7.837484231712e-01,-1.304839757259e+00,3.716739695199e-01
4.511278195489e-01,-3.777289514237e-01,-7.888762115598e-01,-1.318661068037e+00,3.674824920681e-01
4.561403508772e-01,-3.809488255263e-01,-7.934818856899e-01,-1.331174488807e+00,3.636916623587e-01
4.611528822055e-01,-3.838252093315e-01,-7.975719154555e-01,-1.342367608359e+00,3.603040387238e-01
4.661654135338e-01,-3.863565108452e-01,-8.011522058911e-01,-1.352229325001e+00,3.573218967425e-01
4.711779448622e-01,-3.885413391044e-01,-8.042280518036e-01,-1.360749857568e+00,3.547472312850e-01
4.761904761905e-01,-3.903785011158e-01,-8.068040974349e-01,-1.367920755126e+00,3.525817583529e-01
4.812030075188e-01,-3.918669991758e-01,-8.088843013349e-01,-1.373734905350e+00,3.508269166996e-01
4.862155388471e-01,-3.930060285896e-01,-8.104719066001e-01,-1.378186541581e+00,3.494838692160e-01
4.912280701754e-01,-3.937949758062e-01,-8.115694166105e-01,-1.381271248544e+00,3.485535040677e-01
4.962406015038e-01,-3.942334169789e-01,-8.121785763719e-01,-1.382985966729e+00,3.480364355748e-01
5.012531328321e-01,-3.943211169633e-01,-8.123003595462e-01,-1.383328995424e+00,3.479330048263e-01
5.062656641604e-01,-3.940580287586e-01,-8.119349612273e-01,-1.382299994402e+00,3.482432800227e-01
5.112781954887e-01,-3.934442933953e-01,-8.110817964949e-01,-1.379899984258e+00,3.489670565452e-01
5.162907268170e-01,-3.924802402714e-01,-8.097395047522e-01,-1.376131345400e+00,3.501038567490e-01
5.213032581454e-01,-3.911663879329e-01,-8.079059598279e-01,-1.370997815684e+00,3.516529294847e-01
5.263157894737e-01,-3.895034452960e-01,-8.055782857988e-01,-1.364504486706e+00,3.536132493506e-01
5.313283208020e-01,-3.874923133003e-01,-8.027528784625e-01,-1.356657798759e+00,3.559835156823e-01
5.363408521303e-01,-3.851340869839e-01,-7.994254323642e-01,-1.347465534436e+00,3.587621512906e-01
5.413533834586e-01,-3.824300579658e-01,-7.955909732589e-01,-1.336936810918e+00,3.619473009561e-01
5.463659147870e-01,-3.793817173186e-01,-7.912438958651e-01,-1.325082070928e+00,3.655368296976e-01
5.513784461153e-01,-3.759907588135e-01,-7.863780067405e-01,-1.311913072374e+00,3.695283208268e-01
5.563909774436e-01,-3.722590825139e-01,-7.809865720921e-01,-1.297442876688e+00,3.739190738101e-01
5.614035087719e-01,-3.681887986944e-01,-7.750623703053e-01,-1.281685835870e+00,3.787061019558e-01
5.664160401003e-01,-3.637822320583e-01,-7.685977489596e-01,-1.264657578255e+00,3.838861299496e-01
5.714285714286e-01,-3.590419262232e-01,-7.615846860759e-01,-1.246374993012e+00,3.894555912624e-01
5.764411027569e-01,-3.539706484445e-01,-7.540148553230e-01,-1.226856213389e+00,3.954106254560e-01
5.814536340852e-01,-3.485713945433e-01,-7.458796948892e-01,-1.206120598733e+00,4.017470754134e-01
5.864661654135e-01,-3.428473940023e-01,-7.371704797133e-01,-1.184188715287e+00,4.084604845241e-01
5.914786967419e-01,-3.368021151941e-01,-7.278783967476e-01,-1.161082315791e+00,4.155460938534e-01
5.964912280702e-01,-3.304392707024e-01,-7.179946229168e-01,-1.136824317907e+00,4.229988393279e-01
6.015037593985e-01,-3.237628226957e-01,-7.075104054181e-01,-1.111438781489e+00,4.308133489697e-01
6.065162907268e-01,-3.167769883139e-01,-6.964171440024e-01,-1.084950884720e+00,4.389839402126e-01
6.115288220551e-01,-3.094862450231e-01,-6.847064748590e-01,-1.057386899140e+00,4.475046173358e-01
6.165413533835e-01,-3.018953358981e-01,-6.723703557261e-01,-1.028774163585e+00,4.563690690488e-01
6.215538847118e-01,-2.940092747860e-01,-6.594011518345e-01,-9.991410570775e-01,4.655706662642e-01
6.265664160401e-01,-2.858333513098e-01,-6.457917222916e-01,-9.685169706758e-01,4.751024600935e-01
6.315789473684e-01,-2.773731356642e-01,-6.315355065075e-01,-9.369322783232e-01,4.849571801022e-01
6.365914786967e-01,-2.686344831614e-01,-6.166266102625e-01,-9.044183067225e-01,4.951272328607e-01
6.416040100251e-01,-2.596235384814e-01,-6.010598910144e-01,-8.710073042654e-01,5.056047008256e-01
6.466165413534e-01,-2.503467395835e-01,-5.848310420475e-01,-8.367324090473e-01,5.163813415877e-01
6.516290726817e-01,-2.408108212334e-01,-5.679366750640e-01,-8.016276160000e-01,5.274485875221e-01
6.566416040100e-01,-2.310228181063e-01,-5.503744008279e-01,-7.657277431742e-01,5.387975458727e-01
6.616541353383e-01,-2.209900674213e-01,-5.321429074723e-01,-7.290683972064e-01,5.504189993062e-01
6.666666666667e-01,-2.107202110672e-01,-5.132420360928e-01,-6.916859380023e-01,5.623034069675e-01
6.716791979950e-01,-2.002211971818e-01,-4.936728532576e-01,-6.536174426744e-01,5.744409060661e-01
6.766917293233e-01,-1.895012811440e-01,-4.734377200738e-01,-6.149006687680e-01,5.868213140255e-01
6.817042606516e-01,-1.785690259450e-01,-4.525403574651e-01,-5.755740168114e-01,5.994341312217e-01
6.867167919799e-01,-1.674333019031e-01,-4.309859073262e-01,-5.356764922293e-01,6.122685443381e-01
6.917293233083e-01,-1.561032856899e-01,-4.087809892382e-01,-4.952476666563e-01,6.253134303622e-01
6.967418546366e-01,-1.445884586381e-01,-3.859337524407e-01,-4.543276386881e-01,6.385573612451e-01
7.017543859649e-01,-1.328986043033e-01,-3.624539227804e-01,-4.129569941105e-01,6.519886092462e-01
7.067669172932e-01,-1.210438052535e-01,-3.383528443675e-01,-3.711767656454e-01,6.655951529801e-01
7.117794486216e-01,-1.090344390662e-01,-3.136435156986e-01,-3.290283922527e-01,6.793646841835e-01
7.167919799499e-01,-9.688117350948e-02,-2.883406200199e-01,-2.865536780305e-01,6.932846152139e-01
7.218045112782e-01,-8.459496089467e-02,-2.624605497305e-01,-2.437947507519e-01,7.073420872928e-01
7.268170426065e-01,-7.218703158239e-02,-2.360214246459e-01,-2.007940200816e-01,7.215239795017e-01
7.318295739348e-01,-5.966888663407e-02,-2.090431039679e-01,-1.575941355127e-01,7.358169185365e-01
7.368421052632e-01,-4.705228959973e-02,-1.815471918291e-01,-1.142379440653e-01,7.502072892237e-01
7.418546365915e-01,-3.434925743791e-02,-1.535570363071e-01,-7.076844778978e-02,7.646812457994e-01
7.468671679198e-01,-2.157205056656e-02,-1.250977218280e-01,-2.722876111580e-02,7.792247239483e-01
7.518796992481e-01,-8.733162046684e-03,-9.619605490535e-02,1.633793190990e-02,7.938234535965e-01
7.568922305764e-01,4.154694095524e-03,-6.688054318594e-02,5.988842045484e-02,8.084629724528e-01
7.619047619048e-01,1.707859539961e-02,-3.718136780165e-02,1.033795097586e-01,8.231286402838e-01
7.669172932331e-01,3.002542434255e-02,-7.130349051650e-03,1.467680639750e-01,8.378056539122e-01
7.719298245614e-01,4.298188253579e-02,2.323909453327e-02,1.900110489551e-01,8.524790629194e-01
7.769423558897e-01,5.593450572886e-02,5.389199366656e-02,2.330655749305e-01,8.671337860336e-01
7.819548872180e-01,6.886967959754e-02,8.479188221799e-02,2.758889390523e-01,8.817546281814e-01
7.869674185464e-01,8.177365629106e-02,1.159008574323e-01,3.184386677451e-01,8.963262981763e-01
7.919799498747e-01,9.463257171017e-02,1.471796462993e-01,3.606725588341e-01,9.108334270179e-01
7.969924812030e-01,1.074324634842e-01,1.785876778950e-01,4.025487234022e-01,9.252605867694e-01
8.020050125313e-01,1.201592896126e-01,2.100831614909e-01,4.440256273367e-01,9.395923099824e-01
8.070175438596e-01,1.327989477336e-01,2.416231702017e-01,4.850621325246e-01,9.538131096310e-01
8.120300751880e-01,1.453372949798e-01,2.731637299230e-01,5.256175376542e-01,9.679074995195e-01
8.170426065163e-01,1.577601683768e-01,3.046599132861e-01,5.656516185840e-01,9.818600151212e-01
8.220551378446e-01,1.700534057407e-01,3.360659383365e-01,6.051246682388e-01,9.956552348082e-01
8.270676691729e-01,1.822028670261e-01,3.673352716251e-01,6.439975359917e-01,1.009277801426e+00
8.320802005013e-01,1.941944560735e-01,3.984207353793e-01,6.822316664956e-01,1.022712444167e+00
8.370927318296e-01,2.060141427057e-01,4.292746184068e-01,7.197891379231e-01,1.035944000695e+00
8.421052631579e-01,2.176479851171e-01,4.598487903677e-01,7.566326995790e-01,1.048957439474e+00
8.471177944862e-01,2.290821525020e-01,4.900948190355e-01,7.927258088464e-01,1.061737882242e+00
8.521303258145e-01,2.403029478632e-01,5.199640901554e-01,8.280326674310e-01,1.074270626586e+00
8.571428571429e-01,2.512968309425e-01,5.494079294964e-01,8.625182568670e-01,1.086541168564e+00
8.621553884712e-01,2.620504412140e-01,5.783777266821e-01,8.961483732493e-01,1.098535225314e+00
8.671679197995e-01,2.725506208783e-01,6.068250603795e-01,9.288896611584e-01,1.110238757597e+00
8.721804511278e-01,2.827844377971e-01,6.347018244143e-01,9.607096467431e-01,1.121637992226e+00
8.771929824561e-01,2.927392083062e-01,6.619603543801e-01,9.915767699291e-01,1.132719444310e+00
8.822055137845e-01,3.024025198436e-01,6.885535543007e-01,1.021460415721e+00,1.143469939277e+00
8.872180451128e-01,3.117622533318e-01,7.144350229068e-01,1.050330944569e+00,1.153876634594e+00
8.922305764411e-01,3.208066052516e-01,7.395591790855e-01,1.078159721763e+00,1.163927041157e+00
8.972431077694e-01,3.295241093451e-01,7.638813860633e-01,1.104919145837e+00,1.173609044274e+00
9.022556390977e-01,3.379036578871e-01,7.873580738855e-01,1.130582675941e+00,1.182910924190e+00
9.072681704261e-01,3.459345224659e-01,8.099468597617e-01,1.155124858171e+00,1.191821376111e+00
9.122807017544e-01,3.536063742109e-01,8.316066658515e-01,1.178521350809e+00,1.200329529660e+00
9.172932330827e-01,3.609093034127e-01,8.522978340718e-01,1.200748948470e+00,1.208424967724e+00
9.223057644110e-01,3.678338384762e-01,8.719822375205e-01,1.221785605113e+00,1.216097744629e+00
9.273182957393e-01,3.743709641532e-01,8.906233881186e-01,1.241610455915e+00,1.223338403608e+00
9.323308270677e-01,3.805121390008e-01,9.081865400865e-01,1.260203837957e+00,1.230137993505e+00
9.373433583960e-01,3.862493120146e-01,9.246387888871e-01,1.277547309731e+00,1.236488084671e+00
9.423558897243e-01,3.915749383883e-01,9.399491652793e-01,1.293623669430e+00,1.242380784012e+00
9.473684210526e-01,3.964819943519e-01,9.540887241468e-01,1.308416972009e+00,1.247808749140e+00
9.523809523810e-01,4.009639910464e-01,9.670306277830e-01,1.321912544999e+00,1.252765201602e+00
9.573934837093e-01,4.050149873926e-01,9.787502233325e-01,1.334097003063e+00,1.257243939130e+00
9.624060150376e-01,4.086296019160e-01,9.892251141120e-01,1.344958261266e+00,1.261239346897e+00
9.674185463659e-01,4.118030234928e-01,9.984352245522e-01,1.354485547067e+00,1.264746407737e+00
9.724310776942e-01,4.145310209843e-01,1.006362858529e+00,1.362669411001e+00,1.267760711304e+00
9.774436090226e-01,4.168099517320e-01,1.012992750870e+00,1.369501736051e+00,1.270278462140e+00
9.824561403509e-01,4.186367688865e-01,1.018312111860e+00,1.374975745700e+00,1.272296486640e+00
9.874686716792e-01,4.200090275490e-01,1.022310664565e+00,1.379086010651e+00,1.273812238876e+00
9.924812030075e-01,4.209248897071e-01,1.024980674870e+00,1.381828454212e+00,1.274823805289e+00
9.974937343358e-01,4.213831279498e-01,1.026316974087e+00,1.383200356341e+00,1.275329908208e+00
1.002506265664e+00,4.213831279498e-01,1.026316974087e+00,1.383200356341e+00,1.275329908208e+00
1.007518796992e+00,4.209248897071e-01,1.024980674870e+00,1.381828454212e+00,1.274823805289e+00
1.012531328321e+00,4.200090275490e-01,1.022310664565e+00,1.379086010651e+00,1.273812238876e+00
1.017543859649e+00,4.186367688865e-01,1.018312111860e+00,1.374975745700e+00,1.272296486640e+00
1.022556390977e+00,4.168099517320e-01,1.012992750870e+00,1.369501736051e+00,1.270278462140e+00
1.027568922306e+00,4.145310209843e-01,1.006362858529e+00,1.362669411001e+00,1.267760711304e+00
1.032581453634e+00,4.118030234928e-01,9.984352245522e-01,1.354485547067e+00,1.264746407737e+00
1.037593984962e+00,4.086296019160e-01,9.892251141120e-01,1.344958261266e+00,1.261239346897e+00
1.042606516291e+00,4.050149873926e-01,9.787502233325e-01,1.334097003063e+00,1.257243939130e+00
1.047619047619e+00,4.009639910464e-01,9.670306277830e-01,1.321912544999e+00,1.252765201602e+00
1.052631578947e+00,3.964819943519e-01,9.540887241468e-01,1.308416972009e+00,1.247808749140e+00
1.057644110276e+00,3.915749383883e-01,9.399491652793e-01,1.293623669430e+00,1.242380784012e+00
1.062656641604e+00,3.862493120146e-01,9.246387888871e-01,1.277547309731e+00,1.236488084671e+00
1.067669172932e+00,3.805121390008e-01,9.081865400865e-01,1.260203837957e+00,1.230137993505e+00
1.072681704261e+00,3.743709641532e-01,8.906233881186e-01,1.241610455915e+00,1.223338403608e+00
1.077694235589e+00,3.678338384762e-01,8.719822375205e-01,1.221785605113e+00,1.216097744629e+00
1.082706766917e+00,3.609093034127e-01,8.522978340718e-01,1.200748948470e+00,1.208424967724e+00
1.087719298246e+00,3.536063742109e-01,8.316066658515e-01,1.178521350809e+00,1.200329529660e+00
1.092731829574e+00,3.459345224659e-01,8.099468597617e-01,1.155124858171e+00,1.191821376111e+00
1.097744360902e+00,3.379036578871e-01,7.873580738855e-01,1.130582675941e+00,1.182910924190e+00
1.102756892231e+00,3.295241093451e-01,7.638813860633e-01,1.104919145837e+00,1.173609044274e+00
1.107769423559e+00,3.208066052516e-01,7.395591790855e-01,1.078159721763e+00,1.163927041157e+00
1.112781954887e+00,3.117622533318e-01,7.144350229068e-01,1.050330944569e+00,1.153876634594e+00
1.117794486216e+00,3.024025198436e-01,6.885535543007e-01,1.021460415721e+00,1.143469939277e+00
1.122807017544e+00,2.927392083062e-01,6.619603543801e-01,9.915767699291e-01,1.132719444310e+00
1.127819548872e+00,2.827844377971e-01,6.347018244143e-01,9.607096467431e-01,1.121637992226e+00
1.132832080201e+00,2.725506208783e-01,6.068250603795e-01,9.288896611584e-01,1.110238757597e+00
1.137844611529e+00,2.620504412140e-01,5.783777266821e-01,8.961483732493e-01,1.098535225314e+00
1.142857142857e+00,2.512968309425e-01,5.494079294964e-01,8.625182568670e-01,1.086541168564e+00
1.147869674185e+00,2.403029478632e-01,5.199640901554e-01,8.280326674310e-01,1.074270626586e+00
1.152882205514e+00,2.290821525020e-01,4.900948190355e-01,7.927258088464e-01,1.061737882242e+00
1.157894736842e+00,2.176479851171e-01,4.598487903677e-01,7.566326995790e-01,1.048957439474e+00
1.162907268170e+00,2.060141427057e-01,4.292746184068e-01,7.197891379231e-01,1.035944000695e+00
1.167919799499e+00,1.941944560735e-01,3.984207353793e-01,6.822316664956e-01,1.022712444167e+00
1.172932330827e+00,1.822028670261e-01,3.673352716251e-01,6.439975359917e-01,1.009277801426e+00
1.177944862155e+00,1.700534057407e-01,3.360659383365e-01,6.051246682388e-01,9.956552348082e-01
1.182957393484e+00,1.577601683768e-01,3.046599132861e-01,5.656516185840e-01,9.818600151212e-01
1.187969924812e+00,1.453372949798e-01,2.731637299230e-01,5.256175376542e-01,9.679074995195e-01
1.192982456140e+00,1.327989477336e-01,2.416231702017e-01,4.850621325246e-01,9.538131096310e-01
1.197994987469e+00,1.201592896126e-01,2.100831614909e-01,4.440256273367e-01,9.395923099824e-01
1.203007518797e+00,1.074324634842e-01,1.785876778950e-01,4.025487234022e-01,9.252605867694e-01
1.208020050125e+00,9.463257171017e-02,1.471796462993e-01,3.606725588341e-01,9.108334270179e-01
1.213032581454e+00,8.177365629106e-02,1.159008574323e-01,3.184386677451e-01,8.963262981763e-01
1.218045112782e+00,6.886967959754e-02,8.479188221799e-02,2.758889390523e-01,8.817546281814e-01
1.223057644110e+00,5.593450572886e-02,5.389199366656e-02,2.330655749305e-01,8.671337860336e-01
1.228070175439e+00,4.298188253579e-02,2.323909453328e-02,1.900110489551e-01,8.524790629194e-01
1.233082706767e+00,3.002542434255e-02,-7.130349051650e-03,1.467680639750e-01,8.378056539122e-01
1.238095238095e+00,1.707859539961e-02,-3.718136780165e-02,1.033795097586e-01,8.231286402838e-01
1.243107769424e+00,4.154694095525e-03,-6.688054318594e-02,5.988842045484e-02,8.084629724528e-01
1.248120300752e+00,-8.733162046683e-03,-9.619605490535e-02,1.633793190990e-02,7.938234535965e-01
1.253132832080e+00,-2.157205056656e-02,-1.250977218280e-01,-2.722876111580e-02,7.792247239483e-01
1.258145363409e+00,-3.434925743791e-02,-1.535570363071e-01,-7.076844778978e-02,7.646812457994e-01
1.263157894737e+00,-4.705228959973e-02,-1.815471918291e-01,-1.142379440653e-01,7.502072892237e-01
1.268170426065e+00,-5.966888663407e-02,-2.090431039679e-01,-1.575941355127e-01,7.358169185365e-01
1.273182957393e+00,-7.218703158239e-02,-2.360214246459e-01,-2.007940200816e-01,7.215239795017e-01
1.278195488722e+00,-8.459496089467e-02,-2.624605497305e-01,-2.437947507519e-01,7.073420872928e-01
1.283208020050e+00,-9.688117350948e-02,-2.883406200199e-01,-2.865536780305e-01,6.932846152139e-01
1.288220551378e+00,-1.090344390662e-01,-3.136435156986e-01,-3.290283922527e-01,6.793646841835e-01
1.293233082707e+00,-1.210438052535e-01,-3.383528443675e-01,-3.711767656454e-01,6.655951529801e-01
1.298245614035e+00,-1.328986043033e-01,-3.624539227804e-01,-4.129569941105e-01,6.519886092462e-01
1.303258145363e+00,-1.445884586381e-01,-3.859337524407e-01,-4.543276386881e-01,6.385573612451e-01
1.308270676692e+00,-1.561032856899e-01,-4.087809892382e-01,-4.952476666563e-01,6.253134303622e-01
1.313283208020e+00,-1.674333019031e-01,-4.309859073262e-01,-5.356764922293e-01,6.122685443381e-01
1.318295739348e+00,-1.785690259450e-01,-4.525403574651e-01,-5.755740168114e-01,5.994341312217e-01
1.323308270677e+00,-1.895012811440e-01,-4.734377200738e-01,-6.149006687680e-01,5.868213140255e-01
1.328320802005e+00,-2.002211971818e-01,-4.936728532576e-01,-6.536174426744e-01,5.744409060661e-01
1.333333333333e+00,-2.107202110672e-01,-5.132420360928e-01,-6.916859380022e-01,5.623034069675e-01
1.338345864662e+00,-2.209900674213e-01,-5.321429074723e-01,-7.290683972064e-01,5.504189993062e-01
1.343358395990e+00,-2.310228181063e-01,-5.503744008279e-01,-7.657277431742e-01,5.387975458727e-01
1.348370927318e+00,-2.408108212334e-01,-5.679366750640e-01,-8.016276160000e-01,5.274485875221e-01
1.353383458647e+00,-2.503467395835e-01,-5.848310420475e-01,-8.367324090473e-01,5.163813415877e-01
1.358395989975e+00,-2.596235384814e-01,-6.010598910144e-01,-8.710073042654e-01,5.056047008256e-01
1.363408521303e+00,-2.686344831614e-01,-6.166266102625e-01,-9.044183067225e-01,4.951272328608e-01
1.368421052632e+00,-2.773731356642e-01,-6.315355065075e-01,-9.369322783232e-01,4.849571801022e-01
1.373433583960e+00,-2.858333513098e-01,-6.457917222916e-01,-9.685169706758e-01,4.751024600935e-01
1.378446115288e+00,-2.940092747860e-01,-6.594011518345e-01,-9.991410570775e-01,4.655706662642e-01
1.383458646617e+00,-3.018953358981e-01,-6.723703557261e-01,-1.028774163585e+00,4.563690690488e-01
1.388471177945e+00,-3.094862450231e-01,-6.847064748590e-01,-1.057386899140e+00,4.475046173358e-01
1.393483709273e+00,-3.167769883139e-01,-6.964171440024e-01,-1.084950884720e+00,4.389839402126e-01
1.398496240602e+00,-3.237628226957e-01,-7.075104054181e-01,-1.111438781489e+00,4.308133489697e-01
1.403508771930e+00,-3.304392707024e-01,-7.179946229168e-01,-1.136824317907e+00,4.229988393279e-01
1.408521303258e+00,-3.368021151941e-01,-7.278783967476e-01,-1.161082315791e+00,4.155460938534e-01
1.413533834586e+00,-3.428473940023e-01,-7.371704797133e-01,-1.184188715287e+00,4.084604845241e-01
1.418546365915e+00,-3.485713945433e-01,-7.458796948892e-01,-1.206120598733e+00,4.017470754134e-01
1.423558897243e+00,-3.539706484445e-01,-7.540148553230e-01,-1.226856213389e+00,3.954106254560e-01
1.428571428571e+00,-3.590419262232e-01,-7.615846860759e-01,-1.246374993012e+00,3.894555912624e-01
1.433583959900e+00,-3.637822320583e-01,-7.685977489596e-01,-1.264657578255e+00,3.838861299496e-01
1.438596491228e+00,-3.681887986944e-01,-7.750623703053e-01,-1.281685835870e+00,3.787061019558e-01
1.443609022556e+00,-3.722590825139e-01,-7.809865720921e-01,-1.297442876688e+00,3.739190738101e-01
1.448621553885e+00,-3.759907588135e-01,-7.863780067405e-01,-1.311913072374e+00,3.695283208268e-01
1.453634085213e+00,-3.793817173186e-01,-7.912438958651e-01,-1.325082070928e+00,3.655368296976e-01
1.458646616541e+00,-3.824300579658e-01,-7.955909732589e-01,-1.336936810918e+00,3.619473009561e-01
1.463659147870e+00,-3.851340869839e-01,-7.994254323642e-01,-1.347465534436e+00,3.587621512906e-01
1.468671679198e+00,-3.874923133003e-01,-8.027528784625e-01,-1.356657798759e+00,3.559835156823e-01
1.473684210526e+00,-3.895034452960e-01,-8.055782857988e-01,-1.364504486706e+00,3.536132493506e-01
1.478696741855e+00,-3.911663879329e-01,-8.079059598279e-01,-1.370997815684e+00,3.516529294847e-01
1.483709273183e+00,-3.924802402714e-01,-8.097395047522e-01,-1.376131345400e+00,3.501038567490e-01
1.488721804511e+00,-3.934442933953e-01,-8.110817964949e-01,-1.379899984258e+00,3.489670565452e-01
1.493734335840e+00,-3.940580287586e-01,-8.119349612273e-01,-1.382299994402e+00,3.482432800227e-01
1.498746867168e+00,-3.943211169633e-01,-8.123003595462e-01,-1.383328995424e+00,3.479330048263e-01
1.503759398496e+00,-3.942334169789e-01,-8.121785763719e-01,-1.382985966729e+00,3.480364355748e-01
1.508771929825e+00,-3.937949758062e-01,-8.115694166105e-01,-1.381271248544e+00,3.485535040677e-01
1.513784461153e+00,-3.930060285896e-01,-8.104719066001e-01,-1.378186541581e+00,3.494838692160e-01
1.518796992481e+00,-3.918669991758e-01,-8.088843013349e-01,-1.373734905350e+00,3.508269166996e-01
1.523809523810e+00,-3.903785011158e-01,-8.068040974349e-01,-1.367920755126e+00,3.525817583529e-01
1.528822055138e+00,-3.885413391044e-01,-8.042280518036e-01,-1.360749857568e+00,3.547472312850e-01
1.533834586466e+00,-3.863565108452e-01,-8.011522058911e-01,-1.352229325001e+00,3.573218967425e-01
1.538847117794e+00,-3.838252093315e-01,-7.975719154555e-01,-1.342367608359e+00,3.603040387238e-01
1.543859649123e+00,-3.809488255263e-01,-7.934818856899e-01,-1.331174488807e+00,3.636916623587e-01
1.548872180451e+00,-3.777289514237e-01,-7.888762115598e-01,-1.318661068037e+00,3.674824920681e-01
1.553884711779e+00,-3.741673834707e-01,-7.837484231712e-01,-1.304839757259e+00,3.716739695199e-01
1.558897243108e+00,-3.702661263272e-01,-7.780915359680e-01,-1.289724264888e+00,3.762632514004e-01
1.563909774436e+00,-3.660273969374e-01,-7.718981055350e-01,-1.273329582950e+00,3.812472070232e-01
1.568922305764e+00,-3.614536288855e-01,-7.651602867624e-01,-1.255671972213e+00,3.866224157979e-01
1.573934837093e+00,-3.565474770040e-01,-7.578698971081e-01,-1.236768946056e+00,3.923851645827e-01
1.578947368421e+00,-3.513118222037e-01,-7.500184836744e-01,-1.216639253103e+00,3.985314449498e-01
1.583959899749e+00,-3.457497764905e-01,-7.415973937986e-01,-1.195302858624e+00,4.050569503891e-01
1.588972431078e+00,-3.398646881317e-01,-7.325978488418e-01,-1.172780924734e+00,4.119570734816e-01
1.593984962406e+00,-3.336601469360e-01,-7.230110208430e-01,-1.149095789403e+00,4.192269030727e-01
1.598997493734e+00,-3.271399896061e-01,-7.128281116931e-01,-1.124270944302e+00,4.268612214782e-01
1.604010025063e+00,-3.203083051238e-01,-7.020404344719e-01,-1.098331011503e+00,4.348545017549e-01
1.609022556391e+00,-3.131694401264e-01,-6.906394965783e-01,-1.071301719056e+00,4.432009050715e-01
1.614035087719e+00,-3.057280042302e-01,-6.786170842761e-01,-1.043209875474e+00,4.518942782135e-01
1.619047619048e+00,-2.979888752598e-01,-6.659653482698e-01,-1.014083343142e+00,4.609281512571e-01
1.624060150376e+00,-2.899572043368e-01,-6.526768899185e-01,-9.839510106800e-01,4.702957354495e-01
1.629072681704e+00,-2.816384207850e-01,-6.387448476908e-01,-9.528427642952e-01,4.799899213298e-01
1.634085213033e+00,-2.730382368071e-01,-6.241629834617e-01,-9.207894581360e-01,4.900032771271e-01
1.639097744361e+00,-2.641626518881e-01,-6.089257682497e-01,-8.878228836915e-01,5.003280474728e-01
1.644110275689e+00,-2.550179568818e-01,-5.930284669953e-01,-8.539757382592e-01,5.109561524601e-01
1.649122807018e+00,-2.456107377351e-01,-5.764672219806e-01,-8.192815925152e-01,5.218791870895e-01
1.654135338346e+00,-2.359478788092e-01,-5.592391344951e-01,-7.837748572170e-01,5.330884211313e-01
1.659147869674e+00,-2.260365657525e-01,-5.413423443598e-01,-7.474907490747e-01,5.445747994409e-01
1.664160401003e+00,-2.158842878866e-01,-5.227761069240e-01,-7.104652558213e-01,5.563289427598e-01
1.669172932331e+00,-2.054988400632e-01,-5.035408671630e-01,-6.727351005192e-01,5.683411490323e-01
1.674185463659e+00,-1.948883239546e-01,-4.836383305098e-01,-6.343377051372e-01,5.806013952702e-01
1.679197994987e+00,-1.840611487398e-01,-4.630715300702e-01,-5.953111534337e-01,5.930993399928e-01
1.684210526316e+00,-1.730260311514e-01,-4.418448898793e-01,-5.556941531846e-01,6.058243262710e-01
1.689223057644e+00,-1.617919948502e-01,-4.199642838751e-01,-5.155259977915e-01,6.187653853997e-01
1.694235588972e+00,-1.503683690962e-01,-3.974370902791e-01,-4.748465273091e-01,6.319112412235e-01
1.699248120301e+00,-1.387647866857e-01,-3.742722410905e-01,-4.336960889306e-01,6.452503151359e-01
1.704260651629e+00,-1.269911811310e-01,-3.504802664211e-01,-3.921154969703e-01,6.587707317735e-01
1.709273182957e+00,-1.150577830558e-01,-3.260733334140e-01,-3.501459923826e-01,6.724603254208e-01
1.714285714286e+00,-1.029751157866e-01,-3.010652795132e-01,-3.078292018574e-01,6.863066471410e-01
1.719298245614e+00,-9.075399012167e-02,-2.754716398708e-01,-2.652070965344e-01,7.002969726464e-01
1.724310776942e+00,-7.840549826192e-02,-2.493096687010e-01,-2.223219503737e-01,7.144183109168e-01
1.729323308271e+00,-6.594100689078e-02,-2.225983544152e-01,-1.792162982281e-01,7.286574135739e-01
1.734335839599e+00,-5.337214939466e-02,-1.953584283934e-01,-1.359328936550e-01,7.430007850167e-01
1.739348370927e+00,-4.071081721718e-02,-1.676123672756e-01,-9.251466651240e-02,7.574346933192e-01
1.744360902256e+00,-2.796915034453e-02,-1.393843886787e-01,-4.900468037963e-02,7.719451818894e-01
1.749373433584e+00,-1.515952692221e-02,-1.107004402732e-01,-5.446089845466e-03,7.865180818868e-01
1.754385964912e+00,-2.294552007143e-03,-8.158818217711e-02,3.811790229391e-02,8.011390253900e-01
1.759398496241e+00,1.061295453813e-02,-5.207696265363e-02,8.164408788483e-02,8.157934593067e-01
1.764411027569e+00,2.354997099841e-02,-2.219778712310e-02,1.250892962714e-01,8.304666600123e-01
1.769423558897e+00,3.650328759239e-02,8.016719471662e-03,1.684104371134e-01,8.451437487027e-01
1.774436090226e+00,4.945952107553e-02,3.853235688248e-02,2.115645431248e-01,8.598097074422e-01
1.779448621554e+00,6.240513013888e-02,6.931340026446e-02,2.545088126900e-01,8.744493958863e-01
1.784461152882e+00,7.532643158016e-02,1.003226572591e-01,2.972006523161e-01,8.890475686552e-01
1.789473684211e+00,8.820961722015e-02,1.315215313098e-01,3.395977188778e-01,9.035888933310e-01
1.794486215539e+00,1.010407715344e-01,1.628700910412e-01,3.816579616156e-01,9.180579690506e-01
1.799498746867e+00,1.138058899669e-01,1.943271455117e-01,4.233396638421e-01,9.324393456604e-01
1.804511278195e+00,1.264908978904e-01,2.258503251215e-01,4.646014843188e-01,9.467175434011e-01
1.809523809524e+00,1.390816701733e-01,2.573961679385e-01,5.054024982591e-01,9.608770730830e-01
1.814536340852e+00,1.515640513125e-01,2.889202111795e-01,5.457022379191e-01,9.749024567146e-01
1.819548872180e+00,1.639238760876e-01,3.203770875646e-01,5.854607327346e-01,9.887782485423e-01
1.824561403509e+00,1.761469906891e-01,3.517206262428e-01,6.246385489651e-01,1.002489056458e+00
1.829573934837e+00,1.882192742732e-01,3.829039579651e-01,6.631968288060e-01,1.016019563730e+00
1.834586466165e+00,2.001266608897e-01,4.138796241669e-01,7.010973289283e-01,1.029354551007e+00
1.839598997494e+00,2.118551617325e-01,4.445996896022e-01,7.383024584099e-01,1.042478918551e+00
1.844611528822e+00,2.233908876546e-01,4.750158581584e-01,7.747753160195e-01,1.055377708647e+00
1.849624060150e+00,2.347200718946e-01,5.050795914661e-01,8.104797268163e-01,1.068036128130e+00
1.854636591479e+00,2.458290929531e-01,5.347422299048e-01,8.453802780295e-01,1.080439570996e+00
1.859649122807e+00,2.567044975623e-01,5.639551155971e-01,8.794423541818e-01,1.092573641018e+00
1.864661654135e+00,2.673330236877e-01,5.926697169716e-01,9.126321714223e-01,1.104424174335e+00
1.869674185464e+00,2.777016234997e-01,6.208377544692e-01,9.449168110339e-01,1.115977261940e+00
1.874686716792e+00,2.877974862556e-01,6.484113269597e-01,9.762642520839e-01,1.127219272026e+00
1.879699248120e+00,2.976080610276e-01,6.753430384328e-01,1.006643403183e+00,1.138136872126e+00
1.884711779449e+00,3.071210792160e-01,7.015861245225e-01,1.036024133321e+00,1.148717050992e+00
1.889724310777e+00,3.163245767850e-01,7.270945784256e-01,1.064377301757e+00,1.158947140156e+00
1.894736842105e+00,3.252069161586e-01,7.518232757721e-01,1.091674786915e+00,1.168814835125e+00
1.899749373434e+00,3.337568077158e-01,7.757280980112e-01,1.117889514281e+00,1.178308216138e+00
1.904761904762e+00,3.419633308236e-01,7.987660538776e-01,1.142995483253e+00,1.187415768454e+00
1.909774436090e+00,3.498159543490e-01,8.208953985089e-01,1.166967792934e+00,1.196126402091e+00
1.914786967419e+00,3.573045565900e-01,8.420757497946e-01,1.189782666823e+00,1.204429470990e+00
1.919799498747e+00,3.644194445689e-01,8.622682015413e-01,1.211417476403e+00,1.212314791528e+00
1.924812030075e+00,3.711513726321e-01,8.814354330547e-01,1.231850763581e+00,1.219772660347e+00
1.929824561404e+00,3.774915603021e-01,8.995418147459e-01,1.251062261972e+00,1.226793871448e+00
1.934837092732e+00,3.834317093298e-01,9.165535093861e-01,1.269032917002e+00,1.233369732494e+00
1.939849624060e+00,3.889640198963e-01,9.324385686483e-01,1.285744904802e+00,1.239492080286e+00
1.944862155388e+00,3.940812059178e-01,9.471670245895e-01,1.301181649891e+00,1.245153295371e+00
1.949874686717e+00,3.987765094075e-01,9.607109757461e-01,1.315327841615e+00,1.250346315737e+00
1.954887218045e+00,4.030437138522e-01,9.730446675331e-01,1.328169449330e+00,1.255064649552e+00
1.959899749373e+00,4.068771565634e-01,9.841445666591e-01,1.339693736321e+00,1.259302386926e+00
1.964912280702e+00,4.102717399675e-01,9.939894292879e-01,1.349889272434e+00,1.263054210652e+00
1.969924812030e+00,4.132229417995e-01,1.002560362703e+00,1.358745945411e+00,1.266315405894e+00
1.974937343358e+00,4.157268241713e-01,1.009840880253e+00,1.366254970922e+00,1.269081868812e+00
1.979949874687e+00,4.177800414866e-01,1.015816949374e+00,1.372408901277e+00,1.271350114074e+00
1.984962406015e+00,4.193798471784e-01,1.020477032529e+00,1.377201632811e+00,1.273117281256e+00
1.989974937343e+00,4.205240992504e-01,1.023812120902e+00,1.380628411942e+00,1.274381140102e+00
1.994987468672e+00,4.212112646031e-01,1.025815760730e+00,1.382685839881e+00,1.275140094628e+00
2.000000000000e+00,4.214404221345e-01,1.026484072186e+00,1.383371876005e+00,1.275393186065e+00
