alpha_deg,sim,closed_form
5.710593137500e+00,9.880218483746e-01,9.851485148515e-01
1.130993247402e+01,9.447739766405e-01,9.423076923077e-01
1.669924423399e+01,8.782229682537e-01,8.761467889908e-01
2.180140948635e+01,7.939910644023e-01,7.931034482759e-01
2.656505117708e+01,7.010899368261e-01,7.000000000000e-01
3.096375653207e+01,6.004673066132e-01,6.029411764706e-01
3.499202019856e+01,5.066379901405e-01,5.067114093960e-01
3.865980825409e+01,4.112673677811e-01,4.146341463415e-01
4.198721249582e+01,3.252072048988e-01,3.287292817680e-01
4.500000000000e+01,2.456136824337e-01,2.500000000000e-01
4.772631099391e+01,1.748730149322e-01,1.787330316742e-01
5.019442890773e+01,1.118571657102e-01,1.147540983607e-01
