depth_m,ub_per_H_T5,ub_per_H_T8,ub_per_H_T14
1.000000000000e+00,1.481598540611e+00,1.533154893636e+00,1.555320603312e+00
1.080267558528e+00,1.418938999157e+00,1.472550761826e+00,1.495593699447e+00
1.160535117057e+00,1.362663313399e+00,1.418257798490e+00,1.442146433996e+00
1.240802675585e+00,1.311728816046e+00,1.369240745825e+00,1.393946781782e+00
1.321070234114e+00,1.265317492579e+00,1.324687806704e+00,1.350185661940e+00
1.401337792642e+00,1.222777282567e+00,1.283952196576e+00,1.310218598286e+00
1.481605351171e+00,1.183581109207e+00,1.246511359717e+00,1.273525016393e+00
1.561872909699e+00,1.147297636366e+00,1.211937867905e+00,1.239679203612e+00
1.642140468227e+00,1.113569980586e+00,1.179878241638e+00,1.208329177577e+00
1.722408026756e+00,1.082099940129e+00,1.150037264586e+00,1.179181037659e+00
1.802675585284e+00,1.052636126623e+00,1.122166182887e+00,1.151987193577e+00
1.882943143813e+00,1.024964906659e+00,1.096053700952e+00,1.126537384692e+00
1.963210702341e+00,9.989033991730e-01,1.071519022749e+00,1.102651740316e+00
2.043478260870e+00,9.742939988334e-01,1.048406411060e+00,1.080175354528e+00
2.123745819398e+00,9.510000472046e-01,1.026580888232e+00,1.058973999748e+00
2.204013377926e+00,9.289023776904e-01,1.005924805708e+00,1.038930706932e+00
2.284280936455e+00,9.078965330873e-01,9.863350821582e-01,1.019943012632e+00
2.364548494983e+00,8.878905062034e-01,9.677209614511e-01,1.001920724497e+00
2.444816053512e+00,8.688028911093e-01,9.500021786192e-01,9.847840936169e-01
2.525083612040e+00,8.505613595893e-01,9.331074488635e-01,9.684623089806e-01
2.605351170569e+00,8.331013972430e-01,9.169732144220e-01,9.528922490166e-01
2.685618729097e+00,8.163652484776e-01,9.015425988457e-01,9.380174398987e-01
2.765886287625e+00,8.003010307531e-01,8.867645292849e-01,9.237871813240e-01
2.846153846154e+00,7.848619868779e-01,8.725929957816e-01,9.101558088428e-01
2.926421404682e+00,7.700058506095e-01,8.589864229824e-01,8.970820682268e-01
3.006688963211e+00,7.556943057971e-01,8.459071346446e-01,8.845285823028e-01
3.086956521739e+00,7.418925231789e-01,8.333208951542e-01,8.724613945227e-01
3.167224080268e+00,7.285687619831e-01,8.211965152989e-01,8.608495765471e-01
3.247491638796e+00,7.156940258733e-01,8.095055119125e-01,8.496648894962e-01
3.327759197324e+00,7.032417646838e-01,7.982218128994e-01,8.388814904029e-01
3.408026755853e+00,6.911876149057e-01,7.873215006550e-01,8.284756769073e-01
3.488294314381e+00,6.795091731057e-01,7.767825881098e-01,8.184256644403e-01
3.568561872910e+00,6.681857974457e-01,7.665848226044e-01,8.087113911209e-01
3.648829431438e+00,6.571984332713e-01,7.567095135963e-01,7.993143463819e-01
3.729096989967e+00,6.465294593901e-01,7.471393808484e-01,7.902174199875e-01
3.809364548495e+00,6.361625521985e-01,7.378584202826e-01,7.814047686347e-01
3.889632107023e+00,6.260825652549e-01,7.288517851175e-01,7.728616977696e-01
3.969899665552e+00,6.162754222642e-01,7.201056802732e-01,7.645745566071e-01
4.050167224080e+00,6.067280217413e-01,7.116072683281e-01,7.565306446472e-01
4.130434782609e+00,5.974281518753e-01,7.033445855613e-01,7.487181282268e-01
4.210702341137e+00,5.883644143265e-01,6.953064668271e-01,7.411259658600e-01
4.290969899666e+00,5.795261558689e-01,6.874824781837e-01,7.337438412916e-01
4.371237458194e+00,5.709034069392e-01,6.798628563463e-01,7.265621033409e-01
4.451505016722e+00,5.624868262815e-01,6.724384541629e-01,7.195717117344e-01
4.531772575251e+00,5.542676509849e-01,6.652006914174e-01,7.127641882378e-01
4.612040133779e+00,5.462376513022e-01,6.581415103535e-01,7.061315724829e-01
4.692307692308e+00,5.383890897189e-01,6.512533353949e-01,6.996663819666e-01
4.772575250836e+00,5.307146838049e-01,6.445290366006e-01,6.933615757634e-01
4.852842809365e+00,5.232075724442e-01,6.379618964528e-01,6.872105215518e-01
4.933110367893e+00,5.158612850829e-01,6.315455796232e-01,6.812069656013e-01
5.013377926421e+00,5.086697136822e-01,6.252741054086e-01,6.753450054117e-01
5.093645484950e+00,5.016270870987e-01,6.191418225594e-01,6.696190647316e-01
5.173913043478e+00,4.947279476474e-01,6.131433862609e-01,6.640238707163e-01
5.254180602007e+00,4.879671296298e-01,6.072737370524e-01,6.585544330099e-01
5.334448160535e+00,4.813397396354e-01,6.015280814936e-01,6.532060245655e-01
5.414715719064e+00,4.748411384455e-01,5.959018744103e-01,6.479741640326e-01
5.494983277592e+00,4.684669243868e-01,5.903908025689e-01,6.428545995650e-01
5.575250836120e+00,4.622129179997e-01,5.849907696458e-01,6.378432939136e-01
5.655518394649e+00,4.560751478992e-01,5.796978823711e-01,6.329364106873e-01
5.735785953177e+00,4.500498377206e-01,5.745084377410e-01,6.281303016735e-01
5.816053511706e+00,4.441333940524e-01,5.694189112017e-01,6.234214951240e-01
5.896321070234e+00,4.383223952687e-01,5.644259457192e-01,6.188066849207e-01
5.976588628763e+00,4.326135811834e-01,5.595263416576e-01,6.142827205431e-01
6.056856187291e+00,4.270038434549e-01,5.547170473952e-01,6.098465977696e-01
6.137123745819e+00,4.214902166770e-01,5.499951506175e-01,6.054954500489e-01
6.217391304348e+00,4.160698700999e-01,5.453578702276e-01,6.012265404856e-01
6.297658862876e+00,4.107400999275e-01,5.408025488254e-01,5.970372543898e-01
6.377926421405e+00,4.054983221453e-01,5.363266457068e-01,5.929250923421e-01
6.458193979933e+00,4.003420658344e-01,5.319277303425e-01,5.888876637357e-01
6.538461538462e+00,3.952689669355e-01,5.276034762971e-01,5.849226807537e-01
6.618729096990e+00,3.902767624238e-01,5.233516555538e-01,5.810279527502e-01
6.698996655518e+00,3.853632848664e-01,5.191701332136e-01,5.772013810021e-01
6.779264214047e+00,3.805264573306e-01,5.150568625396e-01,5.734409538034e-01
6.859531772575e+00,3.757642886173e-01,5.110098803207e-01,5.697447418761e-01
6.939799331104e+00,3.710748687943e-01,5.070273025300e-01,5.661108940730e-01
7.020066889632e+00,3.664563650088e-01,5.031073202560e-01,5.625376333522e-01
7.100334448161e+00,3.619070175570e-01,4.992481958877e-01,5.590232530016e-01
7.180602006689e+00,3.574251361930e-01,4.954482595334e-01,5.555661130966e-01
7.260869565217e+00,3.530090966596e-01,4.917059056577e-01,5.521646371729e-01
7.341137123746e+00,3.486573374254e-01,4.880195899204e-01,5.488173091002e-01
7.421404682274e+00,3.443683566138e-01,4.843878262040e-01,5.455226701423e-01
7.501672240803e+00,3.401407091102e-01,4.808091838152e-01,5.422793161902e-01
7.581939799331e+00,3.359730038359e-01,4.772822848502e-01,5.390858951566e-01
7.662207357860e+00,3.318639011763e-01,4.738058017114e-01,5.359411045211e-01
7.742474916388e+00,3.278121105544e-01,4.703784547653e-01,5.328436890152e-01
7.822742474916e+00,3.238163881386e-01,4.669990101329e-01,5.297924384386e-01
7.903010033445e+00,3.198755346776e-01,4.636662776038e-01,5.267861855970e-01
7.983277591973e+00,3.159883934518e-01,4.603791086646e-01,5.238238043548e-01
8.063545150502e+00,3.121538483365e-01,4.571363946363e-01,5.209042077943e-01
8.143812709030e+00,3.083708219674e-01,4.539370649114e-01,5.180263464746e-01
8.224080267559e+00,3.046382740035e-01,4.507800852871e-01,5.151892067848e-01
8.304347826087e+00,3.009551994805e-01,4.476644563853e-01,5.123918093836e-01
8.384615384615e+00,2.973206272493e-01,4.445892121573e-01,5.096332077228e-01
8.464882943144e+00,2.937336184952e-01,4.415534184652e-01,5.069124866465e-01
8.545150501672e+00,2.901932653311e-01,4.385561717372e-01,5.042287610634e-01
8.625418060201e+00,2.866986894627e-01,4.355965976914e-01,5.015811746875e-01
8.705685618729e+00,2.832490409190e-01,4.326738501246e-01,4.989688988414e-01
8.785953177258e+00,2.798434968460e-01,4.297871097613e-01,4.963911313218e-01
8.866220735786e+00,2.764812603596e-01,4.269355831603e-01,4.938470953196e-01
8.946488294314e+00,2.731615594537e-01,4.241185016752e-01,4.913360383945e-01
9.026755852843e+00,2.698836459605e-01,4.213351204658e-01,4.888572314996e-01
9.107023411371e+00,2.666467945612e-01,4.185847175567e-01,4.864099680531e-01
9.187290969900e+00,2.634503018425e-01,4.158665929421e-01,4.839935630547e-01
9.267558528428e+00,2.602934853976e-01,4.131800677321e-01,4.816073522446e-01
9.347826086957e+00,2.571756829694e-01,4.105244833403e-01,4.792506913015e-01
9.428093645485e+00,2.540962516323e-01,4.078992007084e-01,4.769229550786e-01
9.508361204013e+00,2.510545670124e-01,4.053035995675e-01,4.746235368753e-01
9.588628762542e+00,2.480500225425e-01,4.027370777330e-01,4.723518477420e-01
9.668896321070e+00,2.450820287506e-01,4.001990504316e-01,4.701073158171e-01
9.749163879599e+00,2.421500125806e-01,3.976889496589e-01,4.678893856936e-01
9.829431438127e+00,2.392534167433e-01,3.952062235657e-01,4.656975178147e-01
9.909698996656e+00,2.363916990956e-01,3.927503358717e-01,4.635311878958e-01
9.989966555184e+00,2.335643320469e-01,3.903207653049e-01,4.613898863725e-01
1.007023411371e+01,2.307708019924e-01,3.879170050652e-01,4.592731178726e-01
1.015050167224e+01,2.280106087694e-01,3.855385623126e-01,4.571804007112e-01
1.023076923077e+01,2.252832651385e-01,3.831849576755e-01,4.551112664071e-01
1.031103678930e+01,2.225882962861e-01,3.808557247816e-01,4.530652592211e-01
1.039130434783e+01,2.199252393484e-01,3.785504098081e-01,4.510419357125e-01
1.047157190635e+01,2.172936429561e-01,3.762685710505e-01,4.490408643151e-01
1.055183946488e+01,2.146930667974e-01,3.740097785100e-01,4.470616249311e-01
1.063210702341e+01,2.121230812001e-01,3.717736134975e-01,4.451038085415e-01
1.071237458194e+01,2.095832667311e-01,3.695596682544e-01,4.431670168325e-01
1.079264214047e+01,2.070732138125e-01,3.673675455882e-01,4.412508618374e-01
1.087290969900e+01,2.045925223535e-01,3.651968585234e-01,4.393549655929e-01
1.095317725753e+01,2.021408013982e-01,3.630472299664e-01,4.374789598099e-01
1.103344481605e+01,1.997176687872e-01,3.609182923831e-01,4.356224855562e-01
1.111371237458e+01,1.973227508336e-01,3.588096874905e-01,4.337851929528e-01
1.119397993311e+01,1.949556820124e-01,3.567210659593e-01,4.319667408822e-01
1.127424749164e+01,1.926161046622e-01,3.546520871285e-01,4.301667967075e-01
1.135451505017e+01,1.903036686996e-01,3.526024187312e-01,4.283850360029e-01
1.143478260870e+01,1.880180313452e-01,3.505717366312e-01,4.266211422945e-01
1.151505016722e+01,1.857588568606e-01,3.485597245684e-01,4.248748068111e-01
1.159531772575e+01,1.835258162960e-01,3.465660739160e-01,4.231457282440e-01
1.167558528428e+01,1.813185872487e-01,3.445904834446e-01,4.214336125169e-01
1.175585284281e+01,1.791368536309e-01,3.426326590968e-01,4.197381725634e-01
1.183612040134e+01,1.769803054474e-01,3.406923137691e-01,4.180591281133e-01
1.191638795987e+01,1.748486385814e-01,3.387691671027e-01,4.163962054871e-01
1.199665551839e+01,1.727415545907e-01,3.368629452815e-01,4.147491373972e-01
1.207692307692e+01,1.706587605104e-01,3.349733808371e-01,4.131176627570e-01
1.215719063545e+01,1.685999686651e-01,3.331002124619e-01,4.115015264974e-01
1.223745819398e+01,1.665648964878e-01,3.312431848279e-01,4.099004793885e-01
1.231772575251e+01,1.645532663467e-01,3.294020484125e-01,4.083142778689e-01
1.239799331104e+01,1.625648053789e-01,3.275765593304e-01,4.067426838811e-01
1.247826086957e+01,1.605992453312e-01,3.257664791712e-01,4.051854647115e-01
1.255852842809e+01,1.586563224069e-01,3.239715748430e-01,4.036423928376e-01
1.263879598662e+01,1.567357771195e-01,3.221916184215e-01,4.021132457793e-01
1.271906354515e+01,1.548373541521e-01,3.204263870037e-01,4.005978059563e-01
1.279933110368e+01,1.529608022223e-01,3.186756625674e-01,3.990958605496e-01
1.287959866221e+01,1.511058739537e-01,3.169392318347e-01,3.976072013681e-01
1.295986622074e+01,1.492723257517e-01,3.152168861413e-01,3.961316247200e-01
1.304013377926e+01,1.474599176849e-01,3.135084213088e-01,3.946689312884e-01
1.312040133779e+01,1.456684133715e-01,3.118136375223e-01,3.932189260105e-01
1.320066889632e+01,1.438975798702e-01,3.101323392115e-01,3.917814179619e-01
1.328093645485e+01,1.421471875764e-01,3.084643349363e-01,3.903562202438e-01
1.336120401338e+01,1.404170101213e-01,3.068094372756e-01,3.889431498746e-01
1.344147157191e+01,1.387068242771e-01,3.051674627198e-01,3.875420276844e-01
1.352173913043e+01,1.370164098649e-01,3.035382315674e-01,3.861526782136e-01
1.360200668896e+01,1.353455496667e-01,3.019215678241e-01,3.847749296146e-01
1.368227424749e+01,1.336940293418e-01,3.003172991058e-01,3.834086135563e-01
1.376254180602e+01,1.320616373462e-01,2.987252565441e-01,3.820535651319e-01
1.384280936455e+01,1.304481648554e-01,2.971452746956e-01,3.807096227699e-01
1.392307692308e+01,1.288534056910e-01,2.955771914532e-01,3.793766281479e-01
1.400334448161e+01,1.272771562500e-01,2.940208479606e-01,3.780544261082e-01
1.408361204013e+01,1.257192154374e-01,2.924760885296e-01,3.767428645773e-01
1.416387959866e+01,1.241793846019e-01,2.909427605599e-01,3.754417944875e-01
1.424414715719e+01,1.226574674738e-01,2.894207144609e-01,3.741510697002e-01
1.432441471572e+01,1.211532701063e-01,2.879098035764e-01,3.728705469328e-01
1.440468227425e+01,1.196666008187e-01,2.864098841118e-01,3.716000856866e-01
1.448494983278e+01,1.181972701429e-01,2.849208150627e-01,3.703395481781e-01
1.456521739130e+01,1.167450907715e-01,2.834424581462e-01,3.690887992711e-01
1.464548494983e+01,1.153098775087e-01,2.819746777346e-01,3.678477064123e-01
1.472575250836e+01,1.138914472228e-01,2.805173407900e-01,3.666161395672e-01
1.480602006689e+01,1.124896188015e-01,2.790703168021e-01,3.653939711596e-01
1.488628762542e+01,1.111042131087e-01,2.776334777268e-01,3.641810760113e-01
1.496655518395e+01,1.097350529435e-01,2.762066979271e-01,3.629773312849e-01
1.504682274247e+01,1.083819630006e-01,2.747898541158e-01,3.617826164274e-01
1.512709030100e+01,1.070447698328e-01,2.733828252995e-01,3.605968131157e-01
1.520735785953e+01,1.057233018151e-01,2.719854927247e-01,3.594198052041e-01
1.528762541806e+01,1.044173891107e-01,2.705977398249e-01,3.582514786726e-01
1.536789297659e+01,1.031268636377e-01,2.692194521694e-01,3.570917215771e-01
1.544816053512e+01,1.018515590378e-01,2.678505174140e-01,3.559404240010e-01
1.552842809365e+01,1.005913106467e-01,2.664908252523e-01,3.547974780082e-01
1.560869565217e+01,9.934595546507e-02,2.651402673691e-01,3.536627775972e-01
1.568896321070e+01,9.811533213145e-02,2.637987373946e-01,3.525362186569e-01
1.576923076923e+01,9.689928089575e-02,2.624661308601e-01,3.514176989229e-01
1.584949832776e+01,9.569764359438e-02,2.611423451549e-01,3.503071179361e-01
1.592976588629e+01,9.451026362622e-02,2.598272794844e-01,3.492043770016e-01
1.601003344482e+01,9.333698592967e-02,2.585208348291e-01,3.481093791486e-01
1.609030100334e+01,9.217765696070e-02,2.572229139051e-01,3.470220290924e-01
1.617056856187e+01,9.103212467179e-02,2.559334211257e-01,3.459422331966e-01
1.625083612040e+01,8.990023849179e-02,2.546522625634e-01,3.448698994362e-01
1.633110367893e+01,8.878184930661e-02,2.533793459136e-01,3.438049373626e-01
1.641137123746e+01,8.767680944066e-02,2.521145804589e-01,3.427472580685e-01
1.649163879599e+01,8.658497263914e-02,2.508578770346e-01,3.416967741544e-01
1.657190635452e+01,8.550619405095e-02,2.496091479948e-01,3.406533996960e-01
1.665217391304e+01,8.444033021230e-02,2.483683071798e-01,3.396170502120e-01
1.673244147157e+01,8.338723903097e-02,2.471352698837e-01,3.385876426331e-01
1.681270903010e+01,8.234677977120e-02,2.459099528239e-01,3.375650952718e-01
1.689297658863e+01,8.131881303906e-02,2.446922741099e-01,3.365493277927e-01
1.697324414716e+01,8.030320076845e-02,2.434821532146e-01,3.355402611842e-01
1.705351170569e+01,7.929980620757e-02,2.422795109449e-01,3.345378177301e-01
1.713377926421e+01,7.830849390583e-02,2.410842694138e-01,3.335419209827e-01
1.721404682274e+01,7.732912970128e-02,2.398963520133e-01,3.325524957361e-01
1.729431438127e+01,7.636158070839e-02,2.387156833870e-01,3.315694680001e-01
1.737458193980e+01,7.540571530627e-02,2.375421894052e-01,3.305927649754e-01
1.745484949833e+01,7.446140312725e-02,2.363757971384e-01,3.296223150289e-01
1.753511705686e+01,7.352851504581e-02,2.352164348336e-01,3.286580476695e-01
1.761538461538e+01,7.260692316780e-02,2.340640318893e-01,3.276998935250e-01
1.769565217391e+01,7.169650082004e-02,2.329185188326e-01,3.267477843190e-01
1.777591973244e+01,7.079712254015e-02,2.317798272962e-01,3.258016528494e-01
1.785618729097e+01,6.990866406661e-02,2.306478899956e-01,3.248614329657e-01
1.793645484950e+01,6.903100232918e-02,2.295226407079e-01,3.239270595488e-01
1.801672240803e+01,6.816401543944e-02,2.284040142498e-01,3.229984684898e-01
1.809698996656e+01,6.730758268160e-02,2.272919464575e-01,3.220755966702e-01
1.817725752508e+01,6.646158450350e-02,2.261863741660e-01,3.211583819421e-01
1.825752508361e+01,6.562590250780e-02,2.250872351891e-01,3.202467631090e-01
1.833779264214e+01,6.480041944331e-02,2.239944683009e-01,3.193406799075e-01
1.841806020067e+01,6.398501919652e-02,2.229080132158e-01,3.184400729886e-01
1.849832775920e+01,6.317958678325e-02,2.218278105709e-01,3.175448838999e-01
1.857859531773e+01,6.238400834046e-02,2.207538019078e-01,3.166550550687e-01
1.865886287625e+01,6.159817111812e-02,2.196859296548e-01,3.157705297844e-01
1.873913043478e+01,6.082196347129e-02,2.186241371099e-01,3.148912521826e-01
1.881939799331e+01,6.005527485221e-02,2.175683684241e-01,3.140171672281e-01
1.889966555184e+01,5.929799580257e-02,2.165185685848e-01,3.131482206998e-01
1.897993311037e+01,5.855001794579e-02,2.154746833999e-01,3.122843591749e-01
1.906020066890e+01,5.781123397943e-02,2.144366594821e-01,3.114255300140e-01
1.914046822742e+01,5.708153766766e-02,2.134044442337e-01,3.105716813462e-01
1.922073578595e+01,5.636082383378e-02,2.123779858318e-01,3.097227620545e-01
1.930100334448e+01,5.564898835281e-02,2.113572332131e-01,3.088787217625e-01
1.938127090301e+01,5.494592814414e-02,2.103421360603e-01,3.080395108197e-01
1.946153846154e+01,5.425154116424e-02,2.093326447878e-01,3.072050802887e-01
1.954180602007e+01,5.356572639936e-02,2.083287105278e-01,3.063753819318e-01
1.962207357860e+01,5.288838385832e-02,2.073302851177e-01,3.055503681983e-01
1.970234113712e+01,5.221941456530e-02,2.063373210863e-01,3.047299922117e-01
1.978260869565e+01,5.155872055272e-02,2.053497716412e-01,3.039142077577e-01
1.986287625418e+01,5.090620485404e-02,2.043675906568e-01,3.031029692721e-01
1.994314381271e+01,5.026177149672e-02,2.033907326612e-01,3.022962318291e-01
2.002341137124e+01,4.962532549504e-02,2.024191528251e-01,3.014939511295e-01
2.010367892977e+01,4.899677284311e-02,2.014528069497e-01,3.006960834901e-01
2.018394648829e+01,4.837602050777e-02,2.004916514551e-01,2.999025858320e-01
2.026421404682e+01,4.776297642153e-02,1.995356433694e-01,2.991134156706e-01
2.034448160535e+01,4.715754947558e-02,1.985847403178e-01,2.983285311044e-01
2.042474916388e+01,4.655964951273e-02,1.976389005113e-01,2.975478908052e-01
2.050501672241e+01,4.596918732040e-02,1.966980827371e-01,2.967714540078e-01
2.058528428094e+01,4.538607462363e-02,1.957622463474e-01,2.959991805001e-01
2.066555183946e+01,4.481022407808e-02,1.948313512499e-01,2.952310306138e-01
2.074581939799e+01,4.424154926301e-02,1.939053578978e-01,2.944669652146e-01
2.082608695652e+01,4.367996467430e-02,1.929842272802e-01,2.937069456931e-01
2.090635451505e+01,4.312538571748e-02,1.920679209125e-01,2.929509339559e-01
2.098662207358e+01,4.257772870073e-02,1.911564008272e-01,2.921988924164e-01
2.106688963211e+01,4.203691082793e-02,1.902496295651e-01,2.914507839867e-01
2.114715719064e+01,4.150285019164e-02,1.893475701658e-01,2.907065720684e-01
2.122742474916e+01,4.097546576617e-02,1.884501861598e-01,2.899662205449e-01
2.130769230769e+01,4.045467740058e-02,1.875574415592e-01,2.892296937731e-01
2.138795986622e+01,3.994040581177e-02,1.866693008501e-01,2.884969565751e-01
2.146822742475e+01,3.943257257745e-02,1.857857289838e-01,2.877679742309e-01
2.154849498328e+01,3.893110012924e-02,1.849066913690e-01,2.870427124705e-01
2.162876254181e+01,3.843591174571e-02,1.840321538641e-01,2.863211374662e-01
2.170903010033e+01,3.794693154542e-02,1.831620827692e-01,2.856032158258e-01
2.178929765886e+01,3.746408448001e-02,1.822964448189e-01,2.848889145850e-01
2.186956521739e+01,3.698729632722e-02,1.814352071746e-01,2.841782012004e-01
2.194983277592e+01,3.651649368403e-02,1.805783374174e-01,2.834710435427e-01
2.203010033445e+01,3.605160395970e-02,1.797258035410e-01,2.827674098900e-01
2.211036789298e+01,3.559255536888e-02,1.788775739446e-01,2.820672689208e-01
2.219063545151e+01,3.513927692471e-02,1.780336174263e-01,2.813705897080e-01
2.227090301003e+01,3.469169843193e-02,1.771939031761e-01,2.806773417124e-01
2.235117056856e+01,3.424975048003e-02,1.763584007695e-01,2.799874947761e-01
2.243143812709e+01,3.381336443633e-02,1.755270801612e-01,2.793010191167e-01
2.251170568562e+01,3.338247243920e-02,1.746999116784e-01,2.786178853214e-01
2.259197324415e+01,3.295700739117e-02,1.738768660150e-01,2.779380643408e-01
2.267224080268e+01,3.253690295213e-02,1.730579142252e-01,2.772615274833e-01
2.275250836120e+01,3.212209353255e-02,1.722430277178e-01,2.765882464094e-01
2.283277591973e+01,3.171251428663e-02,1.714321782500e-01,2.759181931263e-01
2.291304347826e+01,3.130810110559e-02,1.706253379221e-01,2.752513399824e-01
2.299331103679e+01,3.090879061088e-02,1.698224791715e-01,2.745876596615e-01
2.307357859532e+01,3.051452014746e-02,1.690235747674e-01,2.739271251784e-01
2.315384615385e+01,3.012522777709e-02,1.682285978053e-01,2.732697098730e-01
2.323411371237e+01,2.974085227166e-02,1.674375217015e-01,2.726153874060e-01
2.331438127090e+01,2.936133310646e-02,1.666503201882e-01,2.719641317530e-01
2.339464882943e+01,2.898661045360e-02,1.658669673081e-01,2.713159172006e-01
2.347491638796e+01,2.861662517535e-02,1.650874374096e-01,2.706707183410e-01
2.355518394649e+01,2.825131881756e-02,1.643117051417e-01,2.700285100678e-01
2.363545150502e+01,2.789063360309e-02,1.635397454491e-01,2.693892675710e-01
2.371571906355e+01,2.753451242527e-02,1.627715335676e-01,2.687529663327e-01
2.379598662207e+01,2.718289884134e-02,1.620070450192e-01,2.681195821227e-01
2.387625418060e+01,2.683573706604e-02,1.612462556080e-01,2.674890909941e-01
2.395652173913e+01,2.649297196510e-02,1.604891414150e-01,2.668614692791e-01
2.403678929766e+01,2.615454904879e-02,1.597356787942e-01,2.662366935847e-01
2.411705685619e+01,2.582041446560e-02,1.589858443681e-01,2.656147407889e-01
2.419732441472e+01,2.549051499580e-02,1.582396150233e-01,2.649955880364e-01
2.427759197324e+01,2.516479804513e-02,1.574969679065e-01,2.643792127346e-01
2.435785953177e+01,2.484321163851e-02,1.567578804204e-01,2.637655925499e-01
2.443812709030e+01,2.452570441376e-02,1.560223302193e-01,2.631547054040e-01
2.451839464883e+01,2.421222561537e-02,1.552902952057e-01,2.625465294697e-01
2.459866220736e+01,2.390272508830e-02,1.545617535260e-01,2.619410431678e-01
2.467892976589e+01,2.359715327181e-02,1.538366835666e-01,2.613382251629e-01
2.475919732441e+01,2.329546119335e-02,1.531150639505e-01,2.607380543605e-01
2.483946488294e+01,2.299760046244e-02,1.523968735334e-01,2.601405099030e-01
2.491973244147e+01,2.270352326467e-02,1.516820913999e-01,2.595455711663e-01
2.500000000000e+01,2.241318235560e-02,1.509706968602e-01,2.589532177569e-01
