shelter_factor,block,dome,table,spider,tetra
6.000000000000e-01,1.000000000000e+00,1.000000000000e+00,1.259503390918e+00,1.263537688833e+00,1.254330088780e+00
6.166666666667e-01,1.000000000000e+00,1.000000000000e+00,1.244161834402e+00,1.247932331223e+00,1.239388013742e+00
6.333333333333e-01,1.000000000000e+00,1.000000000000e+00,1.229392349654e+00,1.232912714163e+00,1.224993800705e+00
6.500000000000e-01,1.000000000000e+00,1.000000000000e+00,1.215159669846e+00,1.218442583095e+00,1.211114153769e+00
6.666666666667e-01,1.000000000000e+00,1.000000000000e+00,1.201431524753e+00,1.204488772412e+00,1.197718570714e+00
6.833333333333e-01,1.000000000000e+00,1.000000000000e+00,1.188178319399e+00,1.191020873548e+00,1.184779046803e+00
7.000000000000e-01,1.000000000000e+00,1.000000000000e+00,1.175372853993e+00,1.178010945774e+00,1.172269816255e+00
7.166666666667e-01,1.000000000000e+00,1.000000000000e+00,1.162990079014e+00,1.165433263351e+00,1.160167125825e+00
7.333333333333e-01,1.000000000000e+00,1.000000000000e+00,1.151006880340e+00,1.153264093736e+00,1.148449035875e+00
7.500000000000e-01,1.000000000000e+00,1.000000000000e+00,1.139401890140e+00,1.141473595547e+00,1.137095245061e+00
7.666666666667e-01,1.000000000000e+00,1.000000000000e+00,1.128155319950e+00,1.130044434728e+00,1.126086935389e+00
7.833333333333e-01,1.000000000000e+00,1.000000000000e+00,1.117248812915e+00,1.118963398791e+00,1.115406634881e+00
8.000000000000e-01,1.000000000000e+00,1.000000000000e+00,1.106665312647e+00,1.108212942936e+00,1.105038095538e+00
8.166666666667e-01,1.000000000000e+00,1.000000000000e+00,1.096388946515e+00,1.097776744289e+00,1.094966184607e+00
8.333333333333e-01,1.000000000000e+00,1.000000000000e+00,1.086404921540e+00,1.087639594142e+00,1.085158710094e+00
8.500000000000e-01,1.000000000000e+00,1.000000000000e+00,1.076699431300e+00,1.077787301625e+00,1.075604849184e+00
8.666666666667e-01,1.000000000000e+00,1.000000000000e+00,1.067259572494e+00,1.068206607391e+00,1.066309616906e+00
8.833333333333e-01,1.000000000000e+00,1.000000000000e+00,1.058073270009e+00,1.058885106111e+00,1.057261365244e+00
9.000000000000e-01,1.000000000000e+00,1.000000000000e+00,1.049129209463e+00,1.049811176732e+00,1.048449173989e+00
9.166666666667e-01,1.000000000000e+00,1.000000000000e+00,1.040416776377e+00,1.040973919590e+00,1.039862792969e+00
9.333333333333e-01,1.000000000000e+00,1.000000000000e+00,1.031926001203e+00,1.032363099596e+00,1.031492589813e+00
9.500000000000e-01,1.000000000000e+00,1.000000000000e+00,1.023647509557e+00,1.023969094815e+00,1.023329502628e+00
9.666666666667e-01,1.000000000000e+00,1.000000000000e+00,1.015572477081e+00,1.015782849839e+00,1.015364997042e+00
9.833333333333e-01,1.000000000000e+00,1.000000000000e+00,1.007692588441e+00,1.007795833433e+00,1.007591027160e+00
1.000000000000e+00,1.000000000000e+00,1.000000000000e+00,1.000000000000e+00,1.000000000000e+00,1.000000000000e+00
