t_s,u_eta0.3,u_eta0.6,u_eta0.9,u_eta1.2,u_eta1.5
-1.200000000000e+02,4.499005193265e-03,2.013317700625e-03,8.260322417951e-04,3.328383039318e-04,1.328525154374e-04
-1.196996245307e+02,4.534112895704e-03,2.037725837081e-03,8.388880039627e-04,3.390485742097e-04,1.357208550820e-04
-1.193992490613e+02,4.569473249054e-03,2.062425240937e-03,8.519429986063e-04,3.453745709624e-04,1.386510979850e-04
-1.190988735920e+02,4.605087725098e-03,2.087419273901e-03,8.652002867704e-04,3.518184451400e-04,1.416445790087e-04
-1.187984981227e+02,4.640957798395e-03,2.112711333670e-03,8.786629756945e-04,3.583823874613e-04,1.447026617514e-04
-1.184981226533e+02,4.677084946175e-03,2.138304854241e-03,8.923342194831e-04,3.650686291408e-04,1.478267391644e-04
-1.181977471840e+02,4.713470648228e-03,2.164203306226e-03,9.062172197861e-04,3.718794426287e-04,1.510182341812e-04
-1.178973717146e+02,4.750116386794e-03,2.190410197169e-03,9.203152264868e-04,3.788171423654e-04,1.542786003608e-04
-1.175969962453e+02,4.787023646449e-03,2.216929071865e-03,9.346315384001e-04,3.858840855475e-04,1.576093225443e-04
-1.172966207760e+02,4.824193913986e-03,2.243763512675e-03,9.491695039788e-04,3.930826729092e-04,1.610119175258e-04
-1.169962453066e+02,4.861628678297e-03,2.270917139846e-03,9.639325220303e-04,4.004153495162e-04,1.644879347370e-04
-1.166958698373e+02,4.899329430251e-03,2.298393611832e-03,9.789240424418e-04,4.078846055754e-04,1.680389569474e-04
-1.163954943680e+02,4.937297662570e-03,2.326196625608e-03,9.941475669151e-04,4.154929772570e-04,1.716666009781e-04
-1.160951188986e+02,4.975534869700e-03,2.354329916998e-03,1.009606649711e-03,4.232430475328e-04,1.753725184320e-04
-1.157947434293e+02,5.014042547686e-03,2.382797260987e-03,1.025304898404e-03,4.311374470287e-04,1.791583964382e-04
-1.154943679599e+02,5.052822194033e-03,2.411602472049e-03,1.041245974646e-03,4.391788548923e-04,1.830259584139e-04
-1.151939924906e+02,5.091875307575e-03,2.440749404464e-03,1.057433594937e-03,4.473699996761e-04,1.869769648406e-04
-1.148936170213e+02,5.131203388337e-03,2.470241952639e-03,1.073871531413e-03,4.557136602359e-04,1.910132140583e-04
-1.145932415519e+02,5.170807937395e-03,2.500084051434e-03,1.090563612637e-03,4.642126666459e-04,1.951365430758e-04
-1.142928660826e+02,5.210690456728e-03,2.530279676475e-03,1.107513724403e-03,4.728699011288e-04,1.993488283981e-04
-1.139924906133e+02,5.250852449077e-03,2.560832844482e-03,1.124725810549e-03,4.816882990033e-04,2.036519868721e-04
-1.136921151439e+02,5.291295417794e-03,2.591747613588e-03,1.142203873780e-03,4.906708496479e-04,2.080479765490e-04
-1.133917396746e+02,5.332020866688e-03,2.623028083659e-03,1.159951976505e-03,4.998205974812e-04,2.125387975664e-04
-1.130913642053e+02,5.373030299873e-03,2.654678396613e-03,1.177974241677e-03,5.091406429607e-04,2.171264930477e-04
-1.127909887359e+02,5.414325221609e-03,2.686702736743e-03,1.196274853655e-03,5.186341435974e-04,2.218131500217e-04
-1.124906132666e+02,5.455907136139e-03,2.719105331034e-03,1.214858059061e-03,5.283043149896e-04,2.266009003607e-04
-1.121902377972e+02,5.497777547528e-03,2.751890449481e-03,1.233728167663e-03,5.381544318741e-04,2.314919217393e-04
-1.118898623279e+02,5.539937959494e-03,2.785062405409e-03,1.252889553257e-03,5.481878291960e-04,2.364884386126e-04
-1.115894868586e+02,5.582389875237e-03,2.818625555788e-03,1.272346654569e-03,5.584079031970e-04,2.415927232158e-04
-1.112891113892e+02,5.625134797268e-03,2.852584301548e-03,1.292103976158e-03,5.688181125231e-04,2.468070965846e-04
-1.109887359199e+02,5.668174227232e-03,2.886943087895e-03,1.312166089343e-03,5.794219793507e-04,2.521339295969e-04
-1.106883604506e+02,5.711509665727e-03,2.921706404627e-03,1.332537633127e-03,5.902230905332e-04,2.575756440369e-04
-1.103879849812e+02,5.755142612121e-03,2.956878786438e-03,1.353223315139e-03,6.012250987672e-04,2.631347136815e-04
-1.100876095119e+02,5.799074564368e-03,2.992464813238e-03,1.374227912591e-03,6.124317237787e-04,2.688136654095e-04
-1.097872340426e+02,5.843307018815e-03,3.028469110454e-03,1.395556273238e-03,6.238467535299e-04,2.746150803339e-04
-1.094868585732e+02,5.887841470012e-03,3.064896349342e-03,1.417213316354e-03,6.354740454471e-04,2.805415949589e-04
-1.091864831039e+02,5.932679410516e-03,3.101751247290e-03,1.439204033719e-03,6.473175276693e-04,2.865959023601e-04
-1.088861076345e+02,5.977822330688e-03,3.139038568121e-03,1.461533490617e-03,6.593812003190e-04,2.927807533904e-04
-1.085857321652e+02,6.023271718495e-03,3.176763122392e-03,1.484206826845e-03,6.716691367943e-04,2.990989579108e-04
-1.082853566959e+02,6.069029059299e-03,3.214929767698e-03,1.507229257732e-03,6.841854850829e-04,3.055533860474e-04
-1.079849812265e+02,6.115095835650e-03,3.253543408961e-03,1.530606075177e-03,6.969344690998e-04,3.121469694740e-04
-1.076846057572e+02,6.161473527069e-03,3.292608998726e-03,1.554342648684e-03,7.099203900465e-04,3.188827027227e-04
-1.073842302879e+02,6.208163609836e-03,3.332131537454e-03,1.578444426428e-03,7.231476277943e-04,3.257636445210e-04
-1.070838548185e+02,6.255167556766e-03,3.372116073804e-03,1.602916936312e-03,7.366206422908e-04,3.327929191576e-04
-1.067834793492e+02,6.302486836986e-03,3.412567704919e-03,1.627765787055e-03,7.503439749902e-04,3.399737178762e-04
-1.064831038798e+02,6.350122915706e-03,3.453491576710e-03,1.652996669276e-03,7.643222503088e-04,3.473093002990e-04
-1.061827284105e+02,6.398077253987e-03,3.494892884126e-03,1.678615356602e-03,7.785601771035e-04,3.548029958794e-04
-1.058823529412e+02,6.446351308510e-03,3.536776871435e-03,1.704627706779e-03,7.930625501767e-04,3.624582053856e-04
-1.055819774718e+02,6.494946531332e-03,3.579148832485e-03,1.731039662798e-03,8.078342518064e-04,3.702784024147e-04
-1.052816020025e+02,6.543864369644e-03,3.622014110978e-03,1.757857254035e-03,8.228802533013e-04,3.782671349384e-04
-1.049812265332e+02,6.593106265529e-03,3.665378100722e-03,1.785086597401e-03,8.382056165825e-04,3.864280268815e-04
-1.046808510638e+02,6.642673655707e-03,3.709246245894e-03,1.812733898503e-03,8.538154957922e-04,3.947647797323e-04
-1.043804755945e+02,6.692567971280e-03,3.753624041286e-03,1.840805452817e-03,8.697151389284e-04,4.032811741874e-04
-1.040801001252e+02,6.742790637481e-03,3.798517032556e-03,1.869307646875e-03,8.859098895073e-04,4.119810718300e-04
-1.037797246558e+02,6.793343073403e-03,3.843930816464e-03,1.898246959463e-03,9.024051882534e-04,4.208684168437e-04
-1.034793491865e+02,6.844226691740e-03,3.889871041112e-03,1.927629962828e-03,9.192065748179e-04,4.299472377608e-04
-1.031789737171e+02,6.895442898513e-03,3.936343406171e-03,1.957463323901e-03,9.363196895247e-04,4.392216492485e-04
-1.028785982478e+02,6.946993092798e-03,3.983353663105e-03,1.987753805531e-03,9.537502751463e-04,4.486958539302e-04
-1.025782227785e+02,6.998878666451e-03,4.030907615391e-03,2.018508267727e-03,9.715041787080e-04,4.583741442459e-04
-1.022778473091e+02,7.051101003818e-03,4.079011118727e-03,2.049733668918e-03,9.895873533229e-04,4.682609043504e-04
-1.019774718398e+02,7.103661481459e-03,4.127670081238e-03,2.081437067218e-03,1.008005860055e-03,4.783606120510e-04
-1.016770963705e+02,7.156561467850e-03,4.176890463673e-03,2.113625621708e-03,1.026765869816e-03,4.886778407847e-04
-1.013767209011e+02,7.209802323095e-03,4.226678279594e-03,2.146306593727e-03,1.045873665289e-03,4.992172616366e-04
-1.010763454318e+02,7.263385398622e-03,4.277039595561e-03,2.179487348176e-03,1.065335642886e-03,5.099836453998e-04
-1.007759699625e+02,7.317312036886e-03,4.327980531305e-03,2.213175354831e-03,1.085158314738e-03,5.209818646772e-04
-1.004755944931e+02,7.371583571060e-03,4.379507259894e-03,2.247378189669e-03,1.105348310713e-03,5.322168960272e-04
-1.001752190238e+02,7.426201324723e-03,4.431626007891e-03,2.282103536207e-03,1.125912380471e-03,5.436938221528e-04
-9.987484355444e+01,7.481166611547e-03,4.484343055505e-03,2.317359186849e-03,1.146857395552e-03,5.554178341356e-04
-9.957446808511e+01,7.536480734978e-03,4.537664736730e-03,2.353153044246e-03,1.168190351490e-03,5.673942337160e-04
-9.927409261577e+01,7.592144987913e-03,4.591597439475e-03,2.389493122665e-03,1.189918369973e-03,5.796284356195e-04
-9.897371714643e+01,7.648160652368e-03,4.646147605687e-03,2.426387549372e-03,1.212048701026e-03,5.921259699306e-04
-9.867334167710e+01,7.704528999151e-03,4.701321731460e-03,2.463844566022e-03,1.234588725232e-03,6.048924845154e-04
-9.837296620776e+01,7.761251287526e-03,4.757126367136e-03,2.501872530064e-03,1.257545955996e-03,6.179337474930e-04
-9.807259073842e+01,7.818328764867e-03,4.813568117395e-03,2.540479916151e-03,1.280928041828e-03,6.312556497574e-04
-9.777221526909e+01,7.875762666319e-03,4.870653641334e-03,2.579675317567e-03,1.304742768678e-03,6.448642075511e-04
-9.747183979975e+01,7.933554214445e-03,4.928389652534e-03,2.619467447652e-03,1.328998062300e-03,6.587655650897e-04
-9.717146433041e+01,7.991704618875e-03,4.986782919115e-03,2.659865141253e-03,1.353701990650e-03,6.729659972408e-04
-9.687108886108e+01,8.050215075944e-03,5.045840263779e-03,2.700877356174e-03,1.378862766325e-03,6.874719122566e-04
-9.657071339174e+01,8.109086768336e-03,5.105568563838e-03,2.742513174634e-03,1.404488749042e-03,7.022898545612e-04
-9.627033792240e+01,8.168320864710e-03,5.165974751238e-03,2.784781804742e-03,1.430588448148e-03,7.174265075950e-04
-9.596996245307e+01,8.227918519335e-03,5.227065812554e-03,2.827692581974e-03,1.457170525174e-03,7.328886967152e-04
-9.566958698373e+01,8.287880871711e-03,5.288848788988e-03,2.871254970663e-03,1.484243796424e-03,7.486833921560e-04
-9.536921151439e+01,8.348209046188e-03,5.351330776337e-03,2.915478565493e-03,1.511817235607e-03,7.648177120464e-04
-9.506883604506e+01,8.408904151587e-03,5.414518924960e-03,2.960373093007e-03,1.539899976502e-03,7.812989254899e-04
-9.476846057572e+01,8.469967280805e-03,5.478420439721e-03,3.005948413115e-03,1.568501315671e-03,7.981344557049e-04
-9.446808510638e+01,8.531399510424e-03,5.543042579920e-03,3.052214520619e-03,1.597630715208e-03,8.153318832281e-04
-9.416770963705e+01,8.593201900316e-03,5.608392659205e-03,3.099181546731e-03,1.627297805526e-03,8.328989491812e-04
-9.386733416771e+01,8.655375493237e-03,5.674478045472e-03,3.146859760616e-03,1.657512388187e-03,8.508435586033e-04
-9.356695869837e+01,8.717921314422e-03,5.741306160742e-03,3.195259570923e-03,1.688284438781e-03,8.691737838486e-04
-9.326658322904e+01,8.780840371174e-03,5.808884481027e-03,3.244391527335e-03,1.719624109832e-03,8.878978680513e-04
-9.296620775970e+01,8.844133652450e-03,5.877220536175e-03,3.294266322118e-03,1.751541733756e-03,9.070242286600e-04
-9.266583229036e+01,8.907802128438e-03,5.946321909692e-03,3.344894791676e-03,1.784047825862e-03,9.265614610400e-04
-9.236545682103e+01,8.971846750136e-03,6.016196238553e-03,3.396287918111e-03,1.817153087388e-03,9.465183421484e-04
-9.206508135169e+01,9.036268448922e-03,6.086851212989e-03,3.448456830789e-03,1.850868408591e-03,9.669038342793e-04
-9.176470588235e+01,9.101068136120e-03,6.158294576253e-03,3.501412807905e-03,1.885204871866e-03,9.877270888838e-04
-9.146433041302e+01,9.166246702564e-03,6.230534124366e-03,3.555167278051e-03,1.920173754924e-03,1.008997450464e-03
-9.116395494368e+01,9.231805018158e-03,6.303577705849e-03,3.609731821796e-03,1.955786534003e-03,1.030724460542e-03
-9.086357947434e+01,9.297743931424e-03,6.377433221417e-03,3.665118173252e-03,1.992054887125e-03,1.052917861709e-03
-9.056320400501e+01,9.364064269059e-03,6.452108623667e-03,3.721338221657e-03,2.028990697404e-03,1.075587601749e-03
-9.026282853567e+01,9.430766835475e-03,6.527611916737e-03,3.778404012943e-03,2.066606056388e-03,1.098743837842e-03
-8.996245306633e+01,9.497852412341e-03,6.603951155935e-03,3.836327751321e-03,2.104913267456e-03,1.122396940855e-03
-8.966207759700e+01,9.565321758122e-03,6.681134447358e-03,3.895121800848e-03,2.143924849252e-03,1.146557499707e-03
-8.936170212766e+01,9.633175607607e-03,6.759169947470e-03,3.954798687006e-03,2.183653539169e-03,1.171236325821e-03
-8.906132665832e+01,9.701414671442e-03,6.838065862669e-03,4.015371098271e-03,2.224112296878e-03,1.196444457664e-03
-8.876095118899e+01,9.770039635652e-03,6.917830448819e-03,4.076851887680e-03,2.265314307899e-03,1.222193165368e-03
-8.846057571965e+01,9.839051161159e-03,6.998472010758e-03,4.139254074396e-03,2.307272987223e-03,1.248493955443e-03
-8.816020025031e+01,9.908449883299e-03,7.079998901778e-03,4.202590845271e-03,2.350001982973e-03,1.275358575577e-03
-8.785982478098e+01,9.978236411337e-03,7.162419523081e-03,4.266875556393e-03,2.393515180119e-03,1.302799019528e-03
-8.755944931164e+01,1.004841132797e-02,7.245742323200e-03,4.332121734638e-03,2.437826704231e-03,1.330827532106e-03
-8.725907384230e+01,1.011897518882e-02,7.329975797395e-03,4.398343079209e-03,2.482950925282e-03,1.359456614251e-03
-8.695869837297e+01,1.018992852197e-02,7.415128487020e-03,4.465553463165e-03,2.528902461496e-03,1.388699028203e-03
-8.665832290363e+01,1.026127182742e-02,7.501208978852e-03,4.533766934948e-03,2.575696183245e-03,1.418567802772e-03
-8.635794743429e+01,1.033300557658e-02,7.588225904400e-03,4.602997719886e-03,2.623347216981e-03,1.449076238699e-03
-8.605757196496e+01,1.040513021180e-02,7.676187939169e-03,4.673260221699e-03,2.671870949229e-03,1.480237914125e-03
-8.575719649562e+01,1.047764614580e-02,7.765103801904e-03,4.744569023984e-03,2.721283030614e-03,1.512066690152e-03
-8.545682102628e+01,1.055055376119e-02,7.854982253790e-03,4.816938891687e-03,2.771599379934e-03,1.544576716510e-03
-8.515644555695e+01,1.062385340993e-02,7.945832097623e-03,4.890384772561e-03,2.822836188289e-03,1.577782437328e-03
-8.485607008761e+01,1.069754541279e-02,8.037662176946e-03,4.964921798606e-03,2.875009923235e-03,1.611698597009e-03
-8.455569461827e+01,1.077163005885e-02,8.130481375144e-03,5.040565287494e-03,2.928137333006e-03,1.646340246208e-03
-8.425531914894e+01,1.084610760494e-02,8.224298614510e-03,5.117330743972e-03,2.982235450759e-03,1.681722747922e-03
-8.395494367960e+01,1.092097827512e-02,8.319122855267e-03,5.195233861246e-03,3.037321598879e-03,1.717861783687e-03
-8.365456821026e+01,1.099624226012e-02,8.414963094554e-03,5.274290522342e-03,3.093413393313e-03,1.754773359885e-03
-8.335419274093e+01,1.107189971681e-02,8.511828365375e-03,5.354516801445e-03,3.150528747962e-03,1.792473814162e-03
-8.305381727159e+01,1.114795076765e-02,8.609727735505e-03,5.435928965213e-03,3.208685879100e-03,1.830979821962e-03
-8.275344180225e+01,1.122439550014e-02,8.708670306359e-03,5.518543474062e-03,3.267903309846e-03,1.870308403173e-03
-8.245306633292e+01,1.130123396624e-02,8.808665211810e-03,5.602376983423e-03,3.328199874674e-03,1.910476928888e-03
-8.215269086358e+01,1.137846618186e-02,8.909721616981e-03,5.687446344975e-03,3.389594723958e-03,1.951503128286e-03
-8.185231539424e+01,1.145609212628e-02,9.011848716977e-03,5.773768607837e-03,3.452107328564e-03,1.993405095630e-03
-8.155193992491e+01,1.153411174155e-02,9.115055735583e-03,5.861361019735e-03,3.515757484478e-03,2.036201297383e-03
-8.125156445557e+01,1.161252493199e-02,9.219351923914e-03,5.950241028126e-03,3.580565317465e-03,2.079910579450e-03
-8.095118898623e+01,1.169133156357e-02,9.324746559020e-03,6.040426281291e-03,3.646551287779e-03,2.124552174533e-03
-8.065081351690e+01,1.177053146336e-02,9.431248942442e-03,6.131934629386e-03,3.713736194896e-03,2.170145709621e-03
-8.035043804756e+01,1.185012441895e-02,9.538868398723e-03,6.224784125450e-03,3.782141182285e-03,2.216711213596e-03
-8.005006257822e+01,1.193011017789e-02,9.647614273869e-03,6.318993026373e-03,3.851787742214e-03,2.264269124968e-03
-7.974968710889e+01,1.201048844710e-02,9.757495933761e-03,6.414579793817e-03,3.922697720589e-03,2.312840299735e-03
-7.944931163955e+01,1.209125889226e-02,9.868522762518e-03,6.511563095088e-03,3.994893321821e-03,2.362446019374e-03
-7.914893617021e+01,1.217242113730e-02,9.980704160805e-03,6.609961803956e-03,4.068397113721e-03,2.413107998957e-03
-7.884856070088e+01,1.225397476373e-02,1.009404954409e-02,6.709795001430e-03,4.143232032424e-03,2.464848395401e-03
-7.854818523154e+01,1.233591931013e-02,1.020856834087e-02,6.811081976469e-03,4.219421387343e-03,2.517689815844e-03
-7.824780976220e+01,1.241825427151e-02,1.032426999077e-02,6.913842226642e-03,4.296988866140e-03,2.571655326155e-03
-7.794743429287e+01,1.250097909874e-02,1.044116394270e-02,7.018095458724e-03,4.375958539721e-03,2.626768459579e-03
-7.764705882353e+01,1.258409319796e-02,1.055925965287e-02,7.123861589229e-03,4.456354867257e-03,2.683053225510e-03
-7.734668335419e+01,1.266759592999e-02,1.067856658275e-02,7.231160744883e-03,4.538202701215e-03,2.740534118398e-03
-7.704630788486e+01,1.275148660973e-02,1.079909419705e-02,7.340013263021e-03,4.621527292408e-03,2.799236126797e-03
-7.674593241552e+01,1.283576450556e-02,1.092085196152e-02,7.450439691919e-03,4.706354295060e-03,2.859184742537e-03
-7.644555694618e+01,1.292042883874e-02,1.104384934083e-02,7.562460791046e-03,4.792709771881e-03,2.920405970042e-03
-7.614518147685e+01,1.300547878287e-02,1.116809579624e-02,7.676097531246e-03,4.880620199149e-03,2.982926335774e-03
-7.584480600751e+01,1.309091346319e-02,1.129360078338e-02,7.791371094834e-03,4.970112471798e-03,3.046772897819e-03
-7.554443053817e+01,1.317673195608e-02,1.142037374976e-02,7.908302875608e-03,5.061213908511e-03,3.111973255605e-03
-7.524405506884e+01,1.326293328842e-02,1.154842413242e-02,8.026914478780e-03,5.153952256809e-03,3.178555559758e-03
-7.494367959950e+01,1.334951643697e-02,1.167776135541e-02,8.147227720811e-03,5.248355698140e-03,3.246548522093e-03
-7.464330413016e+01,1.343648032782e-02,1.180839482716e-02,8.269264629154e-03,5.344452852957e-03,3.315981425736e-03
-7.434292866083e+01,1.352382383577e-02,1.194033393794e-02,8.393047441900e-03,5.442272785791e-03,3.386884135389e-03
-7.404255319149e+01,1.361154578371e-02,1.207358805706e-02,8.518598607324e-03,5.541845010302e-03,3.459287107723e-03
-7.374217772215e+01,1.369964494206e-02,1.220816653017e-02,8.645940783326e-03,5.643199494324e-03,3.533221401904e-03
-7.344180225282e+01,1.378812002817e-02,1.234407867639e-02,8.775096836762e-03,5.746366664872e-03,3.608718690257e-03
-7.314142678348e+01,1.387696970567e-02,1.248133378541e-02,8.906089842662e-03,5.851377413139e-03,3.685811269057e-03
-7.284105131414e+01,1.396619258397e-02,1.261994111449e-02,9.038943083337e-03,5.958263099451e-03,3.764532069455e-03
-7.254067584481e+01,1.405578721759e-02,1.275990988543e-02,9.173680047358e-03,6.067055558190e-03,3.844914668525e-03
-7.224030037547e+01,1.414575210558e-02,1.290124928144e-02,9.310324428417e-03,6.177787102680e-03,3.926993300450e-03
-7.193992490613e+01,1.423608569096e-02,1.304396844394e-02,9.448900124056e-03,6.290490530022e-03,4.010802867822e-03
-7.163954943680e+01,1.432678636012e-02,1.318807646929e-02,9.589431234260e-03,6.405199125884e-03,4.096378953077e-03
-7.133917396746e+01,1.441785244221e-02,1.333358240542e-02,9.731942059917e-03,6.521946669230e-03,4.183757830043e-03
-7.103879849812e+01,1.450928220858e-02,1.348049524845e-02,9.876457101134e-03,6.640767436995e-03,4.272976475612e-03
-7.073842302879e+01,1.460107387221e-02,1.362882393917e-02,1.002300105540e-02,6.761696208682e-03,4.364072581523e-03
-7.043804755945e+01,1.469322558708e-02,1.377857735943e-02,1.017159881562e-02,6.884768270892e-03,4.457084566269e-03
-7.013767209011e+01,1.478573544765e-02,1.392976432855e-02,1.032227546795e-02,7.010019421776e-03,4.552051587102e-03
-6.983729662078e+01,1.487860148825e-02,1.408239359952e-02,1.047505628951e-02,7.137485975390e-03,4.649013552153e-03
-6.953692115144e+01,1.497182168255e-02,1.423647385524e-02,1.062996674591e-02,7.267204765969e-03,4.748011132649e-03
-6.923654568210e+01,1.506539394292e-02,1.439201370457e-02,1.078703248861e-02,7.399213152086e-03,4.849085775237e-03
-6.893617021277e+01,1.515931611996e-02,1.454902167842e-02,1.094627935211e-02,7.533549020716e-03,4.952279714393e-03
-6.863579474343e+01,1.525358600187e-02,1.470750622564e-02,1.110773335094e-02,7.670250791172e-03,5.057635984929e-03
-6.833541927409e+01,1.534820131393e-02,1.486747570889e-02,1.127142067648e-02,7.809357418922e-03,5.165198434572e-03
-6.803504380476e+01,1.544315971794e-02,1.502893840043e-02,1.143736769354e-02,7.950908399270e-03,5.275011736641e-03
-6.773466833542e+01,1.553845881167e-02,1.519190247781e-02,1.160560093685e-02,8.094943770899e-03,5.387121402773e-03
-6.743429286608e+01,1.563409612833e-02,1.535637601946e-02,1.177614710720e-02,8.241504119256e-03,5.501573795739e-03
-6.713391739675e+01,1.573006913605e-02,1.552236700025e-02,1.194903306750e-02,8.390630579784e-03,5.618416142301e-03
-6.683354192741e+01,1.582637523729e-02,1.568988328690e-02,1.212428583851e-02,8.542364840978e-03,5.737696546130e-03
-6.653316645807e+01,1.592301176839e-02,1.585893263334e-02,1.230193259444e-02,8.696749147263e-03,5.859464000769e-03
-6.623279098874e+01,1.601997599902e-02,1.602952267597e-02,1.248200065828e-02,8.853826301676e-03,5.983768402628e-03
-6.593241551940e+01,1.611726513164e-02,1.620166092887e-02,1.266451749688e-02,9.013639668358e-03,6.110660564012e-03
-6.563204005006e+01,1.621487630105e-02,1.637535477885e-02,1.284951071582e-02,9.176233174817e-03,6.240192226160e-03
-6.533166458073e+01,1.631280657386e-02,1.655061148050e-02,1.303700805399e-02,9.341651313978e-03,6.372416072301e-03
-6.503128911139e+01,1.641105294799e-02,1.672743815108e-02,1.322703737799e-02,9.509939145992e-03,6.507385740700e-03
-6.473091364205e+01,1.650961235222e-02,1.690584176538e-02,1.341962667617e-02,9.681142299793e-03,6.645155837697e-03
-6.443053817272e+01,1.660848164568e-02,1.708582915042e-02,1.361480405249e-02,9.855306974397e-03,6.785781950720e-03
-6.413016270338e+01,1.670765761739e-02,1.726740698016e-02,1.381259772004e-02,1.003247993992e-02,6.929320661257e-03
-6.382978723404e+01,1.680713698582e-02,1.745058177004e-02,1.401303599432e-02,1.021270853833e-02,7.075829557783e-03
-6.352941176471e+01,1.690691639842e-02,1.763535987146e-02,1.421614728622e-02,1.039604068384e-02,7.225367248624e-03
-6.322903629537e+01,1.700699243119e-02,1.782174746619e-02,1.442196009470e-02,1.058252486304e-02,7.377993374736e-03
-6.292866082603e+01,1.710736158820e-02,1.800975056066e-02,1.463050299916e-02,1.077221013468e-02,7.533768622399e-03
-6.262828535670e+01,1.720802030126e-02,1.819937498020e-02,1.484180465151e-02,1.096514612910e-02,7.692754735797e-03
-6.232790988736e+01,1.730896492940e-02,1.839062636314e-02,1.505589376793e-02,1.116138304727e-02,7.855014529476e-03
-6.202753441802e+01,1.741019175855e-02,1.858351015491e-02,1.527279912031e-02,1.136097165950e-02,8.020611900649e-03
-6.172715894869e+01,1.751169700108e-02,1.877803160195e-02,1.549254952730e-02,1.156396330372e-02,8.189611841354e-03
-6.142678347935e+01,1.761347679548e-02,1.897419574558e-02,1.571517384513e-02,1.177040988333e-02,8.362080450416e-03
-6.112640801001e+01,1.771552720592e-02,1.917200741586e-02,1.594070095799e-02,1.198036386466e-02,8.538084945217e-03
-6.082603254068e+01,1.781784422196e-02,1.937147122520e-02,1.616915976806e-02,1.219387827394e-02,8.717693673234e-03
-6.052565707134e+01,1.792042375812e-02,1.957259156205e-02,1.640057918528e-02,1.241100669382e-02,8.900976123344e-03
-6.022528160200e+01,1.802326165363e-02,1.977537258442e-02,1.663498811660e-02,1.263180325939e-02,9.088002936841e-03
-5.992490613267e+01,1.812635367202e-02,1.997981821330e-02,1.687241545500e-02,1.285632265368e-02,9.278845918183e-03
-5.962453066333e+01,1.822969550088e-02,2.018593212611e-02,1.711289006802e-02,1.308462010266e-02,9.473578045395e-03
-5.932415519399e+01,1.833328275149e-02,2.039371774991e-02,1.735644078594e-02,1.331675136965e-02,9.672273480146e-03
-5.902377972466e+01,1.843711095860e-02,2.060317825467e-02,1.760309638961e-02,1.355277274918e-02,9.875007577441e-03
-5.872340425532e+01,1.854117558010e-02,2.081431654640e-02,1.785288559775e-02,1.379274106027e-02,1.008185689491e-02
-5.842302878598e+01,1.864547199681e-02,2.102713526018e-02,1.810583705399e-02,1.403671363900e-02,1.029289920168e-02
-5.812265331665e+01,1.874999551219e-02,2.124163675321e-02,1.836197931338e-02,1.428474833059e-02,1.050821348675e-02
-5.782227784731e+01,1.885474135212e-02,2.145782309765e-02,1.862134082848e-02,1.453690348068e-02,1.072787996687e-02
-5.752190237797e+01,1.895970466472e-02,2.167569607350e-02,1.888394993512e-02,1.479323792597e-02,1.095198009397e-02
-5.722152690864e+01,1.906488052007e-02,2.189525716138e-02,1.914983483756e-02,1.505381098415e-02,1.118059656186e-02
-5.692115143930e+01,1.917026391013e-02,2.211650753521e-02,1.941902359334e-02,1.531868244311e-02,1.141381331249e-02
-5.662077596996e+01,1.927584974847e-02,2.233944805485e-02,1.969154409760e-02,1.558791254929e-02,1.165171554143e-02
-5.632040050063e+01,1.938163287016e-02,2.256407925870e-02,1.996742406696e-02,1.586156199537e-02,1.189438970278e-02
-5.602002503129e+01,1.948760803166e-02,2.279040135616e-02,2.024669102293e-02,1.613969190702e-02,1.214192351326e-02
-5.571964956195e+01,1.959376991063e-02,2.301841422013e-02,2.052937227484e-02,1.642236382887e-02,1.239440595556e-02
-5.541927409262e+01,1.970011310588e-02,2.324811737939e-02,2.081549490230e-02,1.670963970959e-02,1.265192728089e-02
-5.511889862328e+01,1.980663213728e-02,2.347951001092e-02,2.110508573716e-02,1.700158188606e-02,1.291457901068e-02
-5.481852315394e+01,1.991332144566e-02,2.371259093222e-02,2.139817134500e-02,1.729825306657e-02,1.318245393728e-02
-5.451814768461e+01,2.002017539278e-02,2.394735859351e-02,2.169477800607e-02,1.759971631316e-02,1.345564612381e-02
-5.421777221527e+01,2.012718826129e-02,2.418381106997e-02,2.199493169581e-02,1.790603502281e-02,1.373425090289e-02
-5.391739674593e+01,2.023435425473e-02,2.442194605384e-02,2.229865806474e-02,1.821727290776e-02,1.401836487440e-02
-5.361702127660e+01,2.034166749753e-02,2.466176084658e-02,2.260598241799e-02,1.853349397466e-02,1.430808590205e-02
-5.331664580726e+01,2.044912203500e-02,2.490325235089e-02,2.291692969416e-02,1.885476250270e-02,1.460351310876e-02
-5.301627033792e+01,2.055671183343e-02,2.514641706280e-02,2.323152444376e-02,1.918114302060e-02,1.490474687083e-02
-5.271589486859e+01,2.066443078013e-02,2.539125106365e-02,2.354979080707e-02,1.951270028243e-02,1.521188881080e-02
-5.241551939925e+01,2.077227268347e-02,2.563775001210e-02,2.387175249147e-02,1.984949924225e-02,1.552504178888e-02
-5.211514392991e+01,2.088023127308e-02,2.588590913606e-02,2.419743274829e-02,2.019160502758e-02,1.584430989308e-02
-5.181476846058e+01,2.098830019988e-02,2.613572322466e-02,2.452685434906e-02,2.053908291156e-02,1.616979842764e-02
-5.151439299124e+01,2.109647303628e-02,2.638718662022e-02,2.486003956123e-02,2.089199828386e-02,1.650161390009e-02
-5.121401752190e+01,2.120474327634e-02,2.664029321008e-02,2.519701012338e-02,2.125041662022e-02,1.683986400649e-02
-5.091364205257e+01,2.131310433594e-02,2.689503641862e-02,2.553778721986e-02,2.161440345076e-02,1.718465761505e-02
-5.061326658323e+01,2.142154955302e-02,2.715140919912e-02,2.588239145489e-02,2.198402432675e-02,1.753610474795e-02
-5.031289111389e+01,2.153007218781e-02,2.740940402571e-02,2.623084282614e-02,2.235934478608e-02,1.789431656120e-02
-5.001251564456e+01,2.163866542304e-02,2.766901288532e-02,2.658316069768e-02,2.274043031720e-02,1.825940532263e-02
-4.971214017522e+01,2.174732236430e-02,2.793022726958e-02,2.693936377255e-02,2.312734632164e-02,1.863148438780e-02
-4.941176470588e+01,2.185603604027e-02,2.819303816685e-02,2.729947006457e-02,2.352015807495e-02,1.901066817379e-02
-4.911138923655e+01,2.196479940308e-02,2.845743605421e-02,2.766349686982e-02,2.391893068608e-02,1.939707213076e-02
-4.881101376721e+01,2.207360532867e-02,2.872341088945e-02,2.803146073742e-02,2.432372905528e-02,1.979081271122e-02
-4.851063829787e+01,2.218244661714e-02,2.899095210317e-02,2.840337743987e-02,2.473461783018e-02,2.019200733691e-02
-4.821026282854e+01,2.229131599315e-02,2.926004859091e-02,2.877926194282e-02,2.515166136045e-02,2.060077436315e-02
-4.790988735920e+01,2.240020610636e-02,2.953068870527e-02,2.915912837430e-02,2.557492365055e-02,2.101723304069e-02
-4.760951188986e+01,2.250910953186e-02,2.980286024816e-02,2.954298999347e-02,2.600446831090e-02,2.144150347477e-02
-4.730913642053e+01,2.261801877067e-02,3.007655046305e-02,2.993085915883e-02,2.644035850729e-02,2.187370658144e-02
-4.700876095119e+01,2.272692625017e-02,3.035174602734e-02,3.032274729590e-02,2.688265690839e-02,2.231396404105e-02
-4.670838548185e+01,2.283582432472e-02,3.062843304479e-02,3.071866486445e-02,2.733142563163e-02,2.276239824865e-02
-4.640801001252e+01,2.294470527611e-02,3.090659703802e-02,3.111862132519e-02,2.778672618704e-02,2.321913226137e-02
-4.610763454318e+01,2.305356131422e-02,3.118622294107e-02,3.152262510600e-02,2.824861941938e-02,2.368428974255e-02
-4.580725907384e+01,2.316238457756e-02,3.146729509216e-02,3.193068356769e-02,2.871716544828e-02,2.415799490261e-02
-4.550688360451e+01,2.327116713392e-02,3.174979722642e-02,3.234280296929e-02,2.919242360649e-02,2.464037243642e-02
-4.520650813517e+01,2.337990098100e-02,3.203371246886e-02,3.275898843291e-02,2.967445237614e-02,2.513154745725e-02
-4.490613266583e+01,2.348857804714e-02,3.231902332733e-02,3.317924390815e-02,3.016330932312e-02,2.563164542695e-02
-4.460575719650e+01,2.359719019197e-02,3.260571168574e-02,3.360357213610e-02,3.065905102931e-02,2.614079208246e-02
-4.430538172716e+01,2.370572920716e-02,3.289375879729e-02,3.403197461292e-02,3.116173302297e-02,2.665911335840e-02
-4.400500625782e+01,2.381418681720e-02,3.318314527794e-02,3.446445155310e-02,3.167140970696e-02,2.718673530570e-02
-4.370463078849e+01,2.392255468017e-02,3.347385109998e-02,3.490100185225e-02,3.218813428495e-02,2.772378400609e-02
-4.340425531915e+01,2.403082438853e-02,3.376585558576e-02,3.534162304962e-02,3.271195868562e-02,2.827038548239e-02
-4.310387984981e+01,2.413898747000e-02,3.405913740162e-02,3.578631129030e-02,3.324293348468e-02,2.882666560447e-02
-4.280350438048e+01,2.424703538843e-02,3.435367455195e-02,3.623506128705e-02,3.378110782487e-02,2.939274999073e-02
-4.250312891114e+01,2.435495954463e-02,3.464944437348e-02,3.668786628191e-02,3.432652933387e-02,2.996876390499e-02
-4.220275344180e+01,2.446275127740e-02,3.494642352972e-02,3.714471800755e-02,3.487924404007e-02,3.055483214878e-02
-4.190237797247e+01,2.457040186437e-02,3.524458800565e-02,3.760560664836e-02,3.543929628626e-02,3.115107894871e-02
-4.160200250313e+01,2.467790252306e-02,3.554391310256e-02,3.807052080134e-02,3.600672864121e-02,3.175762783903e-02
-4.130162703379e+01,2.478524441185e-02,3.584437343320e-02,3.853944743689e-02,3.658158180916e-02,3.237460153909e-02
-4.100125156446e+01,2.489241863102e-02,3.614594291703e-02,3.901237185933e-02,3.716389453723e-02,3.300212182570e-02
-4.070087609512e+01,2.499941622383e-02,3.644859477587e-02,3.948927766746e-02,3.775370352076e-02,3.364030940026e-02
-4.040050062578e+01,2.510622817757e-02,3.675230152962e-02,3.997014671490e-02,3.835104330652e-02,3.428928375048e-02
-4.010012515645e+01,2.521284542471e-02,3.705703499242e-02,4.045495907052e-02,3.895594619400e-02,3.494916300675e-02
-3.979974968711e+01,2.531925884405e-02,3.736276626889e-02,4.094369297874e-02,3.956844213456e-02,3.562006379288e-02
-3.949937421777e+01,2.542545926186e-02,3.766946575081e-02,4.143632481998e-02,4.018855862870e-02,3.630210107124e-02
-3.919899874844e+01,2.553143745314e-02,3.797710311400e-02,4.193282907110e-02,4.081632062124e-02,3.699538798216e-02
-3.889862327910e+01,2.563718414276e-02,3.828564731549e-02,4.243317826599e-02,4.145175039475e-02,3.770003567754e-02
-3.859824780976e+01,2.574269000682e-02,3.859506659102e-02,4.293734295633e-02,4.209486746096e-02,3.841615314856e-02
-3.829787234043e+01,2.584794567385e-02,3.890532845286e-02,4.344529167248e-02,4.274568845038e-02,3.914384704742e-02
-3.799749687109e+01,2.595294172618e-02,3.921639968793e-02,4.395699088475e-02,4.340422700022e-02,3.988322150307e-02
-3.769712140175e+01,2.605766870122e-02,3.952824635626e-02,4.447240496479e-02,4.407049364046e-02,4.063437793090e-02
-3.739674593242e+01,2.616211709290e-02,3.984083378979e-02,4.499149614750e-02,4.474449567840e-02,4.139741483620e-02
-3.709637046308e+01,2.626627735301e-02,4.015412659157e-02,4.551422449321e-02,4.542623708155e-02,4.217242761160e-02
-3.679599499374e+01,2.637013989262e-02,4.046808863520e-02,4.604054785035e-02,4.611571835902e-02,4.295950832815e-02
-3.649561952441e+01,2.647369508358e-02,4.078268306478e-02,4.657042181861e-02,4.681293644154e-02,4.375874552036e-02
-3.619524405507e+01,2.657693325991e-02,4.109787229516e-02,4.710379971269e-02,4.751788456008e-02,4.457022396487e-02
-3.589486858573e+01,2.667984471940e-02,4.141361801258e-02,4.764063252662e-02,4.823055212334e-02,4.539402445298e-02
-3.559449311640e+01,2.678241972505e-02,4.172988117573e-02,4.818086889873e-02,4.895092459401e-02,4.623022355700e-02
-3.529411764706e+01,2.688464850667e-02,4.204662201721e-02,4.872445507744e-02,4.967898336403e-02,4.707889339036e-02
-3.499374217772e+01,2.698652126245e-02,4.236380004542e-02,4.927133488774e-02,5.041470562908e-02,4.794010136168e-02
-3.469336670839e+01,2.708802816055e-02,4.268137404681e-02,4.982144969860e-02,5.115806426209e-02,4.881390992270e-02
-3.439299123905e+01,2.718915934076e-02,4.299930208867e-02,5.037473839121e-02,5.190902768633e-02,4.970037631029e-02
-3.409261576971e+01,2.728990491612e-02,4.331754152225e-02,5.093113732830e-02,5.266755974784e-02,5.059955228254e-02
-3.379224030038e+01,2.739025497463e-02,4.363604898643e-02,5.149058032443e-02,5.343361958765e-02,5.151148384910e-02
-3.349186483104e+01,2.749019958092e-02,4.395478041172e-02,5.205299861745e-02,5.420716151370e-02,5.243621099585e-02
-3.319148936170e+01,2.758972877801e-02,4.427369102489e-02,5.261832084109e-02,5.498813487286e-02,5.337376740411e-02
-3.289111389237e+01,2.768883258904e-02,4.459273535392e-02,5.318647299885e-02,5.577648392305e-02,5.432418016449e-02
-3.259073842303e+01,2.778750101907e-02,4.491186723352e-02,5.375737843918e-02,5.657214770570e-02,5.528746948569e-02
-3.229036295369e+01,2.788572405683e-02,4.523103981111e-02,5.433095783206e-02,5.737505991877e-02,5.626364839834e-02
-3.198998748436e+01,2.798349167660e-02,4.555020555328e-02,5.490712914708e-02,5.818514879055e-02,5.725272245420e-02
-3.168961201502e+01,2.808079384001e-02,4.586931625275e-02,5.548580763299e-02,5.900233695431e-02,5.825468942098e-02
-3.138923654568e+01,2.817762049791e-02,4.618832303589e-02,5.606690579894e-02,5.982654132424e-02,5.926953897306e-02
-3.108886107635e+01,2.827396159227e-02,4.650717637068e-02,5.665033339736e-02,6.065767297269e-02,6.029725237843e-02
-3.078848560701e+01,2.836980705808e-02,4.682582607522e-02,5.723599740861e-02,6.149563700910e-02,6.133780218221e-02
-3.048811013767e+01,2.846514682527e-02,4.714422132676e-02,5.782380202746e-02,6.234033246082e-02,6.239115188710e-02
-3.018773466834e+01,2.855997082067e-02,4.746231067126e-02,5.841364865146e-02,6.319165215599e-02,6.345725563124e-02
-2.988735919900e+01,2.865426896995e-02,4.778004203348e-02,5.900543587140e-02,6.404948260888e-02,6.453605786378e-02
-2.958698372966e+01,2.874803119963e-02,4.809736272760e-02,5.959905946366e-02,6.491370390789e-02,6.562749301878e-02
-2.928660826033e+01,2.884124743909e-02,4.841421946841e-02,6.019441238484e-02,6.578418960644e-02,6.673148518784e-02
-2.898623279099e+01,2.893390762254e-02,4.873055838294e-02,6.079138476851e-02,6.666080661711e-02,6.784794779202e-02
-2.868585732165e+01,2.902600169113e-02,4.904632502283e-02,6.138986392428e-02,6.754341510933e-02,6.897678325364e-02
-2.838548185232e+01,2.911751959494e-02,4.936146437700e-02,6.198973433925e-02,6.843186841083e-02,7.011788266846e-02
-2.808510638298e+01,2.920845129509e-02,4.967592088511e-02,6.259087768179e-02,6.932601291323e-02,7.127112547903e-02
-2.778473091364e+01,2.929878676582e-02,4.998963845137e-02,6.319317280792e-02,7.022568798207e-02,7.243637914973e-02
-2.748435544431e+01,2.938851599656e-02,5.030256045907e-02,6.379649577022e-02,7.113072587158e-02,7.361349884425e-02
-2.718397997497e+01,2.947762899409e-02,5.061462978550e-02,6.440071982934e-02,7.204095164455e-02,7.480232710630e-02
-2.688360450563e+01,2.956611578464e-02,5.092578881758e-02,6.500571546828e-02,7.295618309753e-02,7.600269354421e-02
-2.658322903630e+01,2.965396641604e-02,5.123597946792e-02,6.561135040937e-02,7.387623069187e-02,7.721441452025e-02
-2.628285356696e+01,2.974117095986e-02,5.154514319145e-02,6.621748963415e-02,7.480089749072e-02,7.843729284564e-02
-2.598247809762e+01,2.982771951362e-02,5.185322100270e-02,6.682399540605e-02,7.572997910251e-02,7.967111748185e-02
-2.568210262829e+01,2.991360220288e-02,5.216015349346e-02,6.743072729614e-02,7.666326363116e-02,8.091566324939e-02
-2.538172715895e+01,2.999880918352e-02,5.246588085112e-02,6.803754221177e-02,7.760053163340e-02,8.217069054474e-02
-2.508135168961e+01,3.008333064388e-02,5.277034287748e-02,6.864429442837e-02,7.854155608347e-02,8.343594506662e-02
-2.478097622028e+01,3.016715680697e-02,5.307347900810e-02,6.925083562426e-02,7.948610234566e-02,8.471115755240e-02
-2.448060075094e+01,3.025027793268e-02,5.337522833220e-02,6.985701491877e-02,8.043392815496e-02,8.599604352584e-02
-2.418022528160e+01,3.033268432002e-02,5.367552961306e-02,7.046267891337e-02,8.138478360617e-02,8.729030305703e-02
-2.387984981227e+01,3.041436630932e-02,5.397432130895e-02,7.106767173624e-02,8.233841115178e-02,8.859362053575e-02
-2.357947434293e+01,3.049531428447e-02,5.427154159460e-02,7.167183508998e-02,8.329454560908e-02,8.990566445923e-02
-2.327909887359e+01,3.057551867517e-02,5.456712838307e-02,7.227500830271e-02,8.425291417663e-02,9.122608723552e-02
-2.297872340426e+01,3.065496995912e-02,5.486101934824e-02,7.287702838254e-02,8.521323646057e-02,9.255452500350e-02
-2.267834793492e+01,3.073365866433e-02,5.515315194774e-02,7.347773007531e-02,8.617522451110e-02,9.389059747078e-02
-2.237797246558e+01,3.081157537131e-02,5.544346344630e-02,7.407694592582e-02,8.713858286925e-02,9.523390777057e-02
-2.207759699625e+01,3.088871071532e-02,5.573189093965e-02,7.467450634248e-02,8.810300862446e-02,9.658404233868e-02
-2.177722152691e+01,3.096505538866e-02,5.601837137880e-02,7.527023966526e-02,8.906819148317e-02,9.794057081192e-02
-2.147684605757e+01,3.104060014286e-02,5.630284159488e-02,7.586397223723e-02,9.003381384865e-02,9.930304594897e-02
-2.117647058824e+01,3.111533579096e-02,5.658523832422e-02,7.645552847940e-02,9.099955091237e-02,1.006710035749e-01
-2.087609511890e+01,3.118925320974e-02,5.686549823408e-02,7.704473096908e-02,9.196507075723e-02,1.020439625507e-01
-2.057571964956e+01,3.126234334197e-02,5.714355794858e-02,7.763140052157e-02,9.293003447277e-02,1.034214247686e-01
-2.027534418023e+01,3.133459719861e-02,5.741935407515e-02,7.821535627531e-02,9.389409628265e-02,1.048028751746e-01
-1.997496871089e+01,3.140600586110e-02,5.769282323130e-02,7.879641578042e-02,9.485690368456e-02,1.061877818195e-01
-1.967459324155e+01,3.147656048353e-02,5.796390207181e-02,7.937439509054e-02,9.581809760278e-02,1.075755959389e-01
-1.937421777222e+01,3.154625229488e-02,5.823252731614e-02,7.994910885803e-02,9.677731255350e-02,1.089657520641e-01
-1.907384230288e+01,3.161507260126e-02,5.849863577632e-02,8.052037043244e-02,9.773417682307e-02,1.103576681642e-01
-1.877346683354e+01,3.168301278806e-02,5.876216438506e-02,8.108799196221e-02,9.868831265932e-02,1.117507458205e-01
-1.847309136421e+01,3.175006432218e-02,5.902305022416e-02,8.165178449956e-02,9.963933647593e-02,1.131443704348e-01
-1.817271589487e+01,3.181621875421e-02,5.928123055323e-02,8.221155810851e-02,1.005868590700e-01,1.145379114719e-01
-1.787234042553e+01,3.188146772059e-02,5.953664283860e-02,8.276712197593e-02,1.015304858530e-01,1.159307227366e-01
-1.757196495620e+01,3.194580294577e-02,5.978922478258e-02,8.331828452564e-02,1.024698170946e-01,1.173221426877e-01
-1.727158948686e+01,3.200921624439e-02,6.003891435279e-02,8.386485353534e-02,1.034044481800e-01,1.187114947878e-01
-1.697121401752e+01,3.207169952339e-02,6.028564981181e-02,8.440663625643e-02,1.043339698803e-01,1.200980878907e-01
-1.667083854819e+01,3.213324478410e-02,6.052936974691e-02,8.494343953653e-02,1.052579686360e-01,1.214812166667e-01
-1.637046307885e+01,3.219384412441e-02,6.077001310001e-02,8.547506994464e-02,1.061760268533e-01,1.228601620660e-01
-1.607008760951e+01,3.225348974081e-02,6.100751919770e-02,8.600133389885e-02,1.070877232133e-01,1.242341918208e-01
-1.576971214018e+01,3.231217393048e-02,6.124182778140e-02,8.652203779642e-02,1.079926329937e-01,1.256025609863e-01
-1.546933667084e+01,3.236988909332e-02,6.147287903762e-02,8.703698814624e-02,1.088903284031e-01,1.269645125209e-01
-1.516896120150e+01,3.242662773403e-02,6.170061362822e-02,8.754599170336e-02,1.097803789274e-01,1.283192779053e-01
-1.486858573217e+01,3.248238246405e-02,6.192497272079e-02,8.804885560566e-02,1.106623516875e-01,1.296660778010e-01
-1.456821026283e+01,3.253714600364e-02,6.214589801893e-02,8.854538751237e-02,1.115358118093e-01,1.310041227475e-01
-1.426783479349e+01,3.259091118376e-02,6.236333179265e-02,8.903539574441e-02,1.124003228046e-01,1.323326138977e-01
-1.396745932416e+01,3.264367094808e-02,6.257721690858e-02,8.951868942625e-02,1.132554469622e-01,1.336507437924e-01
-1.366708385482e+01,3.269541835490e-02,6.278749686027e-02,8.999507862933e-02,1.141007457502e-01,1.349576971716e-01
-1.336670838548e+01,3.274614657900e-02,6.299411579825e-02,9.046437451673e-02,1.149357802272e-01,1.362526518229e-01
-1.306633291615e+01,3.279584891356e-02,6.319701856011e-02,9.092638948896e-02,1.157601114640e-01,1.375347794658e-01
-1.276595744681e+01,3.284451877200e-02,6.339615070031e-02,9.138093733076e-02,1.165733009726e-01,1.388032466716e-01
-1.246558197747e+01,3.289214968979e-02,6.359145851995e-02,9.182783335864e-02,1.173749111448e-01,1.400572158165e-01
-1.216520650814e+01,3.293873532623e-02,6.378288909621e-02,9.226689456904e-02,1.181645056973e-01,1.412958460680e-01
-1.186483103880e+01,3.298426946623e-02,6.397039031168e-02,9.269793978693e-02,1.189416501246e-01,1.425182944020e-01
-1.156445556946e+01,3.302874602206e-02,6.415391088341e-02,9.312078981459e-02,1.197059121573e-01,1.437237166500e-01
-1.126408010013e+01,3.307215903501e-02,6.433340039161e-02,9.353526758049e-02,1.204568622268e-01,1.449112685740e-01
-1.096370463079e+01,3.311450267710e-02,6.450880930819e-02,9.394119828797e-02,1.211940739341e-01,1.460801069680e-01
-1.066332916145e+01,3.315577125269e-02,6.468008902483e-02,9.433840956360e-02,1.219171245228e-01,1.472293907829e-01
-1.036295369212e+01,3.319595920011e-02,6.484719188078e-02,9.472673160488e-02,1.226255953554e-01,1.483582822741e-01
-1.006257822278e+01,3.323506109322e-02,6.501007119028e-02,9.510599732735e-02,1.233190723921e-01,1.494659481687e-01
-9.762202753442e+00,3.327307164296e-02,6.516868126952e-02,9.547604251054e-02,1.239971466708e-01,1.505515608499e-01
-9.461827284105e+00,3.330998569883e-02,6.532297746322e-02,9.583670594290e-02,1.246594147881e-01,1.516142995565e-01
-9.161451814768e+00,3.334579825039e-02,6.547291617070e-02,9.618782956524e-02,1.253054793795e-01,1.526533515945e-01
-8.861076345432e+00,3.338050442866e-02,6.561845487154e-02,9.652925861262e-02,1.259349495993e-01,1.536679135586e-01
-8.560700876095e+00,3.341409950754e-02,6.575955215062e-02,9.686084175441e-02,1.265474415974e-01,1.546571925597e-01
-8.260325406758e+00,3.344657890514e-02,6.589616772276e-02,9.718243123240e-02,1.271425789942e-01,1.556204074571e-01
-7.959949937422e+00,3.347793818512e-02,6.602826245669e-02,9.749388299657e-02,1.277199933506e-01,1.565567900906e-01
-7.659574468085e+00,3.350817305797e-02,6.615579839850e-02,9.779505683856e-02,1.282793246332e-01,1.574655865107e-01
-7.359198998748e+00,3.353727938221e-02,6.627873879442e-02,9.808581652239e-02,1.288202216745e-01,1.583460582035e-01
-7.058823529412e+00,3.356525316565e-02,6.639704811308e-02,9.836602991243e-02,1.293423426249e-01,1.591974833062e-01
-6.758448060075e+00,3.359209056647e-02,6.651069206699e-02,9.863556909830e-02,1.298453553978e-01,1.600191578116e-01
-6.458072590738e+00,3.361778789443e-02,6.661963763343e-02,9.889431051649e-02,1.303289381059e-01,1.608103967569e-01
-6.157697121402e+00,3.364234161183e-02,6.672385307461e-02,9.914213506861e-02,1.307927794871e-01,1.615705353937e-01
-5.857321652065e+00,3.366574833466e-02,6.682330795716e-02,9.937892823598e-02,1.312365793205e-01,1.622989303368e-01
-5.556946182728e+00,3.368800483347e-02,6.691797317078e-02,9.960458019042e-02,1.316600488306e-01,1.629949606880e-01
-5.256570713392e+00,3.370910803442e-02,6.700782094623e-02,9.981898590108e-02,1.320629110784e-01,1.636580291307e-01
-4.956195244055e+00,3.372905502011e-02,6.709282487254e-02,1.000220452370e-01,1.324449013400e-01,1.642875629941e-01
-4.655819774718e+00,3.374784303043e-02,6.717295991336e-02,1.002136630656e-01,1.328057674704e-01,1.648830152819e-01
-4.355444305382e+00,3.376546946344e-02,6.724820242252e-02,1.003937493462e-01,1.331452702522e-01,1.654438656633e-01
-4.055068836045e+00,3.378193187605e-02,6.731853015885e-02,1.005622192194e-01,1.334631837287e-01,1.659696214238e-01
-3.754693366708e+00,3.379722798479e-02,6.738392230002e-02,1.007189930912e-01,1.337592955197e-01,1.664598183715e-01
-3.454317897372e+00,3.381135566647e-02,6.744435945563e-02,1.008639967128e-01,1.340334071205e-01,1.669140216968e-01
-3.153942428035e+00,3.382431295879e-02,6.749982367935e-02,1.009971612545e-01,1.342853341822e-01,1.673318267838e-01
-2.853566958698e+00,3.383609806094e-02,6.755029848023e-02,1.011184233747e-01,1.345149067736e-01,1.677128599688e-01
-2.553191489362e+00,3.384670933413e-02,6.759576883311e-02,1.012277252844e-01,1.347219696230e-01,1.680567792451e-01
-2.252816020025e+00,3.385614530204e-02,6.763622118807e-02,1.013250148045e-01,1.349063823409e-01,1.683632749111e-01
-1.952440550688e+00,3.386440465131e-02,6.767164347902e-02,1.014102454194e-01,1.350680196206e-01,1.686320701598e-01
-1.652065081352e+00,3.387148623189e-02,6.770202513134e-02,1.014833763239e-01,1.352067714195e-01,1.688629216080e-01
-1.351689612015e+00,3.387738905738e-02,6.772735706854e-02,1.015443724645e-01,1.353225431173e-01,1.690556197631e-01
-1.051314142678e+00,3.388211230534e-02,6.774763171809e-02,1.015932045752e-01,1.354152556530e-01,1.692099894257e-01
-7.509386733417e-01,3.388565531753e-02,6.776284301617e-02,1.016298492073e-01,1.354848456396e-01,1.693258900280e-01
-4.505632040050e-01,3.388801760010e-02,6.777298641152e-02,1.016542887533e-01,1.355312654562e-01,1.694032159053e-01
-1.501877346683e-01,3.388919882373e-02,6.777805886838e-02,1.016665114649e-01,1.355544833167e-01,1.694418965003e-01
1.501877346684e-01,3.388919882373e-02,6.777805886838e-02,1.016665114649e-01,1.355544833167e-01,1.694418965003e-01
4.505632040050e-01,3.388801760010e-02,6.777298641152e-02,1.016542887533e-01,1.355312654562e-01,1.694032159053e-01
7.509386733417e-01,3.388565531753e-02,6.776284301617e-02,1.016298492073e-01,1.354848456396e-01,1.693258900280e-01
1.051314142678e+00,3.388211230534e-02,6.774763171809e-02,1.015932045752e-01,1.354152556530e-01,1.692099894257e-01
1.351689612015e+00,3.387738905738e-02,6.772735706854e-02,1.015443724645e-01,1.353225431173e-01,1.690556197631e-01
1.652065081352e+00,3.387148623189e-02,6.770202513134e-02,1.014833763239e-01,1.352067714195e-01,1.688629216080e-01
1.952440550688e+00,3.386440465131e-02,6.767164347902e-02,1.014102454194e-01,1.350680196206e-01,1.686320701598e-01
2.252816020025e+00,3.385614530204e-02,6.763622118807e-02,1.013250148045e-01,1.349063823409e-01,1.683632749111e-01
2.553191489362e+00,3.384670933413e-02,6.759576883311e-02,1.012277252844e-01,1.347219696230e-01,1.680567792451e-01
2.853566958698e+00,3.383609806094e-02,6.755029848023e-02,1.011184233747e-01,1.345149067736e-01,1.677128599688e-01
3.153942428035e+00,3.382431295879e-02,6.749982367935e-02,1.009971612545e-01,1.342853341822e-01,1.673318267838e-01
3.454317897372e+00,3.381135566647e-02,6.744435945563e-02,1.008639967128e-01,1.340334071205e-01,1.669140216968e-01
3.754693366708e+00,3.379722798479e-02,6.738392230002e-02,1.007189930912e-01,1.337592955197e-01,1.664598183715e-01
4.055068836045e+00,3.378193187605e-02,6.731853015885e-02,1.005622192194e-01,1.334631837287e-01,1.659696214238e-01
4.355444305382e+00,3.376546946344e-02,6.724820242252e-02,1.003937493462e-01,1.331452702522e-01,1.654438656633e-01
4.655819774718e+00,3.374784303043e-02,6.717295991336e-02,1.002136630656e-01,1.328057674704e-01,1.648830152819e-01
4.956195244055e+00,3.372905502011e-02,6.709282487254e-02,1.000220452370e-01,1.324449013400e-01,1.642875629941e-01
5.256570713392e+00,3.370910803442e-02,6.700782094623e-02,9.981898590108e-02,1.320629110784e-01,1.636580291307e-01
5.556946182728e+00,3.368800483347e-02,6.691797317078e-02,9.960458019042e-02,1.316600488306e-01,1.629949606880e-01
5.857321652065e+00,3.366574833466e-02,6.682330795716e-02,9.937892823598e-02,1.312365793205e-01,1.622989303368e-01
6.157697121402e+00,3.364234161183e-02,6.672385307461e-02,9.914213506861e-02,1.307927794871e-01,1.615705353937e-01
6.458072590738e+00,3.361778789443e-02,6.661963763343e-02,9.889431051649e-02,1.303289381059e-01,1.608103967569e-01
6.758448060075e+00,3.359209056647e-02,6.651069206699e-02,9.863556909830e-02,1.298453553978e-01,1.600191578116e-01
7.058823529412e+00,3.356525316565e-02,6.639704811308e-02,9.836602991243e-02,1.293423426249e-01,1.591974833062e-01
7.359198998748e+00,3.353727938221e-02,6.627873879442e-02,9.808581652239e-02,1.288202216745e-01,1.583460582035e-01
7.659574468085e+00,3.350817305797e-02,6.615579839850e-02,9.779505683856e-02,1.282793246332e-01,1.574655865107e-01
7.959949937422e+00,3.347793818512e-02,6.602826245669e-02,9.749388299657e-02,1.277199933506e-01,1.565567900906e-01
8.260325406758e+00,3.344657890514e-02,6.589616772276e-02,9.718243123240e-02,1.271425789942e-01,1.556204074571e-01
8.560700876095e+00,3.341409950754e-02,6.575955215062e-02,9.686084175441e-02,1.265474415974e-01,1.546571925597e-01
8.861076345432e+00,3.338050442866e-02,6.561845487154e-02,9.652925861262e-02,1.259349495993e-01,1.536679135586e-01
9.161451814768e+00,3.334579825039e-02,6.547291617070e-02,9.618782956524e-02,1.253054793795e-01,1.526533515945e-01
9.461827284105e+00,3.330998569883e-02,6.532297746322e-02,9.583670594290e-02,1.246594147881e-01,1.516142995565e-01
9.762202753442e+00,3.327307164296e-02,6.516868126952e-02,9.547604251054e-02,1.239971466708e-01,1.505515608499e-01
1.006257822278e+01,3.323506109322e-02,6.501007119028e-02,9.510599732735e-02,1.233190723921e-01,1.494659481687e-01
1.036295369212e+01,3.319595920011e-02,6.484719188078e-02,9.472673160488e-02,1.226255953554e-01,1.483582822741e-01
1.066332916145e+01,3.315577125269e-02,6.468008902483e-02,9.433840956360e-02,1.219171245228e-01,1.472293907829e-01
1.096370463079e+01,3.311450267710e-02,6.450880930819e-02,9.394119828797e-02,1.211940739341e-01,1.460801069680e-01
1.126408010013e+01,3.307215903501e-02,6.433340039161e-02,9.353526758049e-02,1.204568622268e-01,1.449112685740e-01
1.156445556946e+01,3.302874602206e-02,6.415391088341e-02,9.312078981459e-02,1.197059121573e-01,1.437237166500e-01
1.186483103880e+01,3.298426946623e-02,6.397039031168e-02,9.269793978693e-02,1.189416501246e-01,1.425182944020e-01
1.216520650814e+01,3.293873532623e-02,6.378288909621e-02,9.226689456904e-02,1.181645056973e-01,1.412958460680e-01
1.246558197747e+01,3.289214968979e-02,6.359145851995e-02,9.182783335864e-02,1.173749111448e-01,1.400572158165e-01
1.276595744681e+01,3.284451877200e-02,6.339615070031e-02,9.138093733076e-02,1.165733009726e-01,1.388032466716e-01
1.306633291615e+01,3.279584891356e-02,6.319701856011e-02,9.092638948896e-02,1.157601114640e-01,1.375347794658e-01
1.336670838548e+01,3.274614657900e-02,6.299411579825e-02,9.046437451673e-02,1.149357802272e-01,1.362526518229e-01
1.366708385482e+01,3.269541835490e-02,6.278749686027e-02,8.999507862933e-02,1.141007457502e-01,1.349576971716e-01
1.396745932416e+01,3.264367094808e-02,6.257721690858e-02,8.951868942625e-02,1.132554469622e-01,1.336507437924e-01
1.426783479349e+01,3.259091118376e-02,6.236333179265e-02,8.903539574441e-02,1.124003228046e-01,1.323326138977e-01
1.456821026283e+01,3.253714600364e-02,6.214589801893e-02,8.854538751237e-02,1.115358118093e-01,1.310041227475e-01
1.486858573217e+01,3.248238246405e-02,6.192497272079e-02,8.804885560566e-02,1.106623516875e-01,1.296660778010e-01
1.516896120150e+01,3.242662773403e-02,6.170061362822e-02,8.754599170336e-02,1.097803789274e-01,1.283192779053e-01
1.546933667084e+01,3.236988909332e-02,6.147287903762e-02,8.703698814624e-02,1.088903284031e-01,1.269645125209e-01
1.576971214018e+01,3.231217393048e-02,6.124182778140e-02,8.652203779642e-02,1.079926329937e-01,1.256025609863e-01
1.607008760951e+01,3.225348974081e-02,6.100751919770e-02,8.600133389885e-02,1.070877232133e-01,1.242341918208e-01
1.637046307885e+01,3.219384412441e-02,6.077001310001e-02,8.547506994464e-02,1.061760268533e-01,1.228601620660e-01
1.667083854819e+01,3.213324478410e-02,6.052936974691e-02,8.494343953653e-02,1.052579686360e-01,1.214812166667e-01
1.697121401752e+01,3.207169952339e-02,6.028564981181e-02,8.440663625643e-02,1.043339698803e-01,1.200980878907e-01
1.727158948686e+01,3.200921624439e-02,6.003891435279e-02,8.386485353534e-02,1.034044481800e-01,1.187114947878e-01
1.757196495620e+01,3.194580294577e-02,5.978922478258e-02,8.331828452564e-02,1.024698170946e-01,1.173221426877e-01
1.787234042553e+01,3.188146772059e-02,5.953664283860e-02,8.276712197593e-02,1.015304858530e-01,1.159307227366e-01
1.817271589487e+01,3.181621875421e-02,5.928123055323e-02,8.221155810851e-02,1.005868590700e-01,1.145379114719e-01
1.847309136421e+01,3.175006432218e-02,5.902305022416e-02,8.165178449956e-02,9.963933647593e-02,1.131443704348e-01
1.877346683354e+01,3.168301278806e-02,5.876216438506e-02,8.108799196221e-02,9.868831265932e-02,1.117507458205e-01
1.907384230288e+01,3.161507260126e-02,5.849863577632e-02,8.052037043244e-02,9.773417682307e-02,1.103576681642e-01
1.937421777222e+01,3.154625229488e-02,5.823252731614e-02,7.994910885803e-02,9.677731255350e-02,1.089657520641e-01
1.967459324155e+01,3.147656048353e-02,5.796390207181e-02,7.937439509054e-02,9.581809760278e-02,1.075755959389e-01
1.997496871089e+01,3.140600586110e-02,5.769282323130e-02,7.879641578042e-02,9.485690368456e-02,1.061877818195e-01
2.027534418023e+01,3.133459719861e-02,5.741935407515e-02,7.821535627531e-02,9.389409628265e-02,1.048028751746e-01
2.057571964956e+01,3.126234334197e-02,5.714355794858e-02,7.763140052157e-02,9.293003447277e-02,1.034214247686e-01
2.087609511890e+01,3.118925320974e-02,5.686549823408e-02,7.704473096908e-02,9.196507075723e-02,1.020439625507e-01
2.117647058824e+01,3.111533579096e-02,5.658523832422e-02,7.645552847940e-02,9.099955091237e-02,1.006710035749e-01
2.147684605757e+01,3.104060014286e-02,5.630284159488e-02,7.586397223723e-02,9.003381384865e-02,9.930304594897e-02
2.177722152691e+01,3.096505538866e-02,5.601837137880e-02,7.527023966526e-02,8.906819148317e-02,9.794057081192e-02
2.207759699625e+01,3.088871071532e-02,5.573189093965e-02,7.467450634248e-02,8.810300862446e-02,9.658404233868e-02
2.237797246558e+01,3.081157537131e-02,5.544346344630e-02,7.407694592582e-02,8.713858286925e-02,9.523390777057e-02
2.267834793492e+01,3.073365866433e-02,5.515315194774e-02,7.347773007531e-02,8.617522451110e-02,9.389059747078e-02
2.297872340426e+01,3.065496995912e-02,5.486101934824e-02,7.287702838254e-02,8.521323646057e-02,9.255452500350e-02
2.327909887359e+01,3.057551867517e-02,5.456712838307e-02,7.227500830271e-02,8.425291417663e-02,9.122608723552e-02
2.357947434293e+01,3.049531428447e-02,5.427154159460e-02,7.167183508998e-02,8.329454560908e-02,8.990566445923e-02
2.387984981227e+01,3.041436630932e-02,5.397432130895e-02,7.106767173624e-02,8.233841115178e-02,8.859362053575e-02
2.418022528160e+01,3.033268432002e-02,5.367552961306e-02,7.046267891337e-02,8.138478360617e-02,8.729030305703e-02
2.448060075094e+01,3.025027793268e-02,5.337522833220e-02,6.985701491877e-02,8.043392815496e-02,8.599604352584e-02
2.478097622028e+01,3.016715680697e-02,5.307347900810e-02,6.925083562426e-02,7.948610234566e-02,8.471115755240e-02
2.508135168961e+01,3.008333064388e-02,5.277034287748e-02,6.864429442837e-02,7.854155608347e-02,8.343594506662e-02
2.538172715895e+01,2.999880918352e-02,5.246588085112e-02,6.803754221177e-02,7.760053163340e-02,8.217069054474e-02
2.568210262829e+01,2.991360220288e-02,5.216015349346e-02,6.743072729614e-02,7.666326363116e-02,8.091566324939e-02
2.598247809762e+01,2.982771951362e-02,5.185322100270e-02,6.682399540605e-02,7.572997910251e-02,7.967111748185e-02
2.628285356696e+01,2.974117095986e-02,5.154514319145e-02,6.621748963415e-02,7.480089749072e-02,7.843729284564e-02
2.658322903630e+01,2.965396641604e-02,5.123597946792e-02,6.561135040937e-02,7.387623069187e-02,7.721441452025e-02
2.688360450563e+01,2.956611578464e-02,5.092578881758e-02,6.500571546828e-02,7.295618309753e-02,7.600269354421e-02
2.718397997497e+01,2.947762899409e-02,5.061462978550e-02,6.440071982934e-02,7.204095164455e-02,7.480232710630e-02
2.748435544431e+01,2.938851599656e-02,5.030256045907e-02,6.379649577022e-02,7.113072587158e-02,7.361349884425e-02
2.778473091364e+01,2.929878676582e-02,4.998963845137e-02,6.319317280792e-02,7.022568798207e-02,7.243637914973e-02
2.808510638298e+01,2.920845129509e-02,4.967592088511e-02,6.259087768179e-02,6.932601291323e-02,7.127112547903e-02
2.838548185232e+01,2.911751959494e-02,4.936146437700e-02,6.198973433925e-02,6.843186841083e-02,7.011788266846e-02
2.868585732165e+01,2.902600169113e-02,4.904632502283e-02,6.138986392428e-02,6.754341510933e-02,6.897678325364e-02
2.898623279099e+01,2.893390762254e-02,4.873055838294e-02,6.079138476851e-02,6.666080661711e-02,6.784794779202e-02
2.928660826033e+01,2.884124743909e-02,4.841421946841e-02,6.019441238484e-02,6.578418960644e-02,6.673148518784e-02
2.958698372966e+01,2.874803119963e-02,4.809736272760e-02,5.959905946366e-02,6.491370390789e-02,6.562749301878e-02
2.988735919900e+01,2.865426896995e-02,4.778004203348e-02,5.900543587140e-02,6.404948260888e-02,6.453605786378e-02
3.018773466834e+01,2.855997082067e-02,4.746231067126e-02,5.841364865146e-02,6.319165215599e-02,6.345725563124e-02
3.048811013767e+01,2.846514682527e-02,4.714422132676e-02,5.782380202746e-02,6.234033246082e-02,6.239115188710e-02
3.078848560701e+01,2.836980705808e-02,4.682582607522e-02,5.723599740861e-02,6.149563700910e-02,6.133780218221e-02
3.108886107635e+01,2.827396159227e-02,4.650717637068e-02,5.665033339736e-02,6.065767297269e-02,6.029725237843e-02
3.138923654568e+01,2.817762049791e-02,4.618832303589e-02,5.606690579894e-02,5.982654132424e-02,5.926953897306e-02
3.168961201502e+01,2.808079384001e-02,4.586931625275e-02,5.548580763299e-02,5.900233695431e-02,5.825468942098e-02
3.198998748436e+01,2.798349167660e-02,4.555020555328e-02,5.490712914708e-02,5.818514879055e-02,5.725272245420e-02
3.229036295369e+01,2.788572405683e-02,4.523103981111e-02,5.433095783206e-02,5.737505991877e-02,5.626364839834e-02
3.259073842303e+01,2.778750101907e-02,4.491186723352e-02,5.375737843918e-02,5.657214770570e-02,5.528746948569e-02
3.289111389237e+01,2.768883258904e-02,4.459273535392e-02,5.318647299885e-02,5.577648392305e-02,5.432418016449e-02
3.319148936170e+01,2.758972877801e-02,4.427369102489e-02,5.261832084109e-02,5.498813487286e-02,5.337376740411e-02
3.349186483104e+01,2.749019958092e-02,4.395478041172e-02,5.205299861745e-02,5.420716151370e-02,5.243621099585e-02
3.379224030038e+01,2.739025497463e-02,4.363604898643e-02,5.149058032443e-02,5.343361958765e-02,5.151148384910e-02
3.409261576971e+01,2.728990491612e-02,4.331754152225e-02,5.093113732830e-02,5.266755974784e-02,5.059955228254e-02
3.439299123905e+01,2.718915934076e-02,4.299930208867e-02,5.037473839121e-02,5.190902768633e-02,4.970037631029e-02
3.469336670839e+01,2.708802816055e-02,4.268137404681e-02,4.982144969860e-02,5.115806426209e-02,4.881390992270e-02
3.499374217772e+01,2.698652126245e-02,4.236380004542e-02,4.927133488774e-02,5.041470562908e-02,4.794010136168e-02
3.529411764706e+01,2.688464850667e-02,4.204662201721e-02,4.872445507744e-02,4.967898336403e-02,4.707889339036e-02
3.559449311640e+01,2.678241972505e-02,4.172988117573e-02,4.818086889873e-02,4.895092459401e-02,4.623022355700e-02
3.589486858573e+01,2.667984471940e-02,4.141361801258e-02,4.764063252662e-02,4.823055212334e-02,4.539402445298e-02
3.619524405507e+01,2.657693325991e-02,4.109787229516e-02,4.710379971269e-02,4.751788456008e-02,4.457022396487e-02
3.649561952441e+01,2.647369508358e-02,4.078268306478e-02,4.657042181861e-02,4.681293644154e-02,4.375874552036e-02
3.679599499374e+01,2.637013989262e-02,4.046808863520e-02,4.604054785035e-02,4.611571835902e-02,4.295950832815e-02
3.709637046308e+01,2.626627735301e-02,4.015412659157e-02,4.551422449321e-02,4.542623708155e-02,4.217242761160e-02
3.739674593242e+01,2.616211709290e-02,3.984083378979e-02,4.499149614750e-02,4.474449567840e-02,4.139741483620e-02
3.769712140175e+01,2.605766870122e-02,3.952824635626e-02,4.447240496479e-02,4.407049364046e-02,4.063437793090e-02
3.799749687109e+01,2.595294172618e-02,3.921639968793e-02,4.395699088475e-02,4.340422700022e-02,3.988322150307e-02
3.829787234043e+01,2.584794567385e-02,3.890532845286e-02,4.344529167248e-02,4.274568845038e-02,3.914384704742e-02
3.859824780976e+01,2.574269000682e-02,3.859506659102e-02,4.293734295633e-02,4.209486746096e-02,3.841615314856e-02
3.889862327910e+01,2.563718414276e-02,3.828564731549e-02,4.243317826599e-02,4.145175039475e-02,3.770003567754e-02
3.919899874844e+01,2.553143745314e-02,3.797710311400e-02,4.193282907110e-02,4.081632062124e-02,3.699538798216e-02
3.949937421777e+01,2.542545926186e-02,3.766946575081e-02,4.143632481998e-02,4.018855862870e-02,3.630210107124e-02
3.979974968711e+01,2.531925884405e-02,3.736276626889e-02,4.094369297874e-02,3.956844213456e-02,3.562006379288e-02
4.010012515645e+01,2.521284542471e-02,3.705703499242e-02,4.045495907052e-02,3.895594619400e-02,3.494916300675e-02
4.040050062578e+01,2.510622817757e-02,3.675230152962e-02,3.997014671490e-02,3.835104330652e-02,3.428928375048e-02
4.070087609512e+01,2.499941622383e-02,3.644859477587e-02,3.948927766746e-02,3.775370352076e-02,3.364030940026e-02
4.100125156446e+01,2.489241863102e-02,3.614594291703e-02,3.901237185933e-02,3.716389453723e-02,3.300212182570e-02
4.130162703379e+01,2.478524441185e-02,3.584437343320e-02,3.853944743689e-02,3.658158180916e-02,3.237460153909e-02
4.160200250313e+01,2.467790252306e-02,3.554391310256e-02,3.807052080134e-02,3.600672864121e-02,3.175762783903e-02
4.190237797247e+01,2.457040186437e-02,3.524458800565e-02,3.760560664836e-02,3.543929628626e-02,3.115107894871e-02
4.220275344180e+01,2.446275127740e-02,3.494642352972e-02,3.714471800755e-02,3.487924404007e-02,3.055483214878e-02
4.250312891114e+01,2.435495954463e-02,3.464944437348e-02,3.668786628191e-02,3.432652933387e-02,2.996876390499e-02
4.280350438048e+01,2.424703538843e-02,3.435367455195e-02,3.623506128705e-02,3.378110782487e-02,2.939274999073e-02
4.310387984981e+01,2.413898747000e-02,3.405913740162e-02,3.578631129030e-02,3.324293348468e-02,2.882666560447e-02
4.340425531915e+01,2.403082438853e-02,3.376585558576e-02,3.534162304962e-02,3.271195868562e-02,2.827038548239e-02
4.370463078849e+01,2.392255468017e-02,3.347385109998e-02,3.490100185225e-02,3.218813428495e-02,2.772378400609e-02
4.400500625782e+01,2.381418681720e-02,3.318314527794e-02,3.446445155310e-02,3.167140970696e-02,2.718673530570e-02
4.430538172716e+01,2.370572920716e-02,3.289375879729e-02,3.403197461292e-02,3.116173302297e-02,2.665911335840e-02
4.460575719650e+01,2.359719019197e-02,3.260571168574e-02,3.360357213610e-02,3.065905102931e-02,2.614079208246e-02
4.490613266583e+01,2.348857804714e-02,3.231902332733e-02,3.317924390815e-02,3.016330932312e-02,2.563164542695e-02
4.520650813517e+01,2.337990098100e-02,3.203371246886e-02,3.275898843291e-02,2.967445237614e-02,2.513154745725e-02
4.550688360451e+01,2.327116713392e-02,3.174979722642e-02,3.234280296929e-02,2.919242360649e-02,2.464037243642e-02
4.580725907384e+01,2.316238457756e-02,3.146729509216e-02,3.193068356769e-02,2.871716544828e-02,2.415799490261e-02
4.610763454318e+01,2.305356131422e-02,3.118622294107e-02,3.152262510600e-02,2.824861941938e-02,2.368428974255e-02
4.640801001252e+01,2.294470527611e-02,3.090659703802e-02,3.111862132519e-02,2.778672618704e-02,2.321913226137e-02
4.670838548185e+01,2.283582432472e-02,3.062843304479e-02,3.071866486445e-02,2.733142563163e-02,2.276239824865e-02
4.700876095119e+01,2.272692625017e-02,3.035174602734e-02,3.032274729590e-02,2.688265690839e-02,2.231396404105e-02
4.730913642053e+01,2.261801877067e-02,3.007655046305e-02,2.993085915883e-02,2.644035850729e-02,2.187370658144e-02
4.760951188986e+01,2.250910953186e-02,2.980286024816e-02,2.954298999347e-02,2.600446831090e-02,2.144150347477e-02
4.790988735920e+01,2.240020610636e-02,2.953068870527e-02,2.915912837430e-02,2.557492365055e-02,2.101723304069e-02
4.821026282854e+01,2.229131599315e-02,2.926004859091e-02,2.877926194282e-02,2.515166136045e-02,2.060077436315e-02
4.851063829787e+01,2.218244661714e-02,2.899095210317e-02,2.840337743987e-02,2.473461783018e-02,2.019200733691e-02
4.881101376721e+01,2.207360532867e-02,2.872341088945e-02,2.803146073742e-02,2.432372905528e-02,1.979081271122e-02
4.911138923655e+01,2.196479940308e-02,2.845743605421e-02,2.766349686982e-02,2.391893068608e-02,1.939707213076e-02
4.941176470588e+01,2.185603604027e-02,2.819303816685e-02,2.729947006457e-02,2.352015807495e-02,1.901066817379e-02
4.971214017522e+01,2.174732236430e-02,2.793022726958e-02,2.693936377255e-02,2.312734632164e-02,1.863148438780e-02
5.001251564456e+01,2.163866542304e-02,2.766901288532e-02,2.658316069768e-02,2.274043031720e-02,1.825940532263e-02
5.031289111389e+01,2.153007218781e-02,2.740940402571e-02,2.623084282614e-02,2.235934478608e-02,1.789431656120e-02
5.061326658323e+01,2.142154955302e-02,2.715140919912e-02,2.588239145489e-02,2.198402432675e-02,1.753610474795e-02
5.091364205257e+01,2.131310433594e-02,2.689503641862e-02,2.553778721986e-02,2.161440345076e-02,1.718465761505e-02
5.121401752190e+01,2.120474327634e-02,2.664029321008e-02,2.519701012338e-02,2.125041662022e-02,1.683986400649e-02
5.151439299124e+01,2.109647303628e-02,2.638718662022e-02,2.486003956123e-02,2.089199828386e-02,1.650161390009e-02
5.181476846058e+01,2.098830019988e-02,2.613572322466e-02,2.452685434906e-02,2.053908291156e-02,1.616979842764e-02
5.211514392991e+01,2.088023127308e-02,2.588590913606e-02,2.419743274829e-02,2.019160502758e-02,1.584430989308e-02
5.241551939925e+01,2.077227268347e-02,2.563775001210e-02,2.387175249147e-02,1.984949924225e-02,1.552504178888e-02
5.271589486859e+01,2.066443078013e-02,2.539125106365e-02,2.354979080707e-02,1.951270028243e-02,1.521188881080e-02
5.301627033792e+01,2.055671183343e-02,2.514641706280e-02,2.323152444376e-02,1.918114302060e-02,1.490474687083e-02
5.331664580726e+01,2.044912203500e-02,2.490325235089e-02,2.291692969416e-02,1.885476250270e-02,1.460351310876e-02
5.361702127660e+01,2.034166749753e-02,2.466176084658e-02,2.260598241799e-02,1.853349397466e-02,1.430808590205e-02
5.391739674593e+01,2.023435425473e-02,2.442194605384e-02,2.229865806474e-02,1.821727290776e-02,1.401836487440e-02
5.421777221527e+01,2.012718826129e-02,2.418381106997e-02,2.199493169581e-02,1.790603502281e-02,1.373425090289e-02
5.451814768461e+01,2.002017539278e-02,2.394735859351e-02,2.169477800607e-02,1.759971631316e-02,1.345564612381e-02
5.481852315394e+01,1.991332144566e-02,2.371259093222e-02,2.139817134500e-02,1.729825306657e-02,1.318245393728e-02
5.511889862328e+01,1.980663213728e-02,2.347951001092e-02,2.110508573716e-02,1.700158188606e-02,1.291457901068e-02
5.541927409262e+01,1.970011310588e-02,2.324811737939e-02,2.081549490230e-02,1.670963970959e-02,1.265192728089e-02
5.571964956195e+01,1.959376991063e-02,2.301841422013e-02,2.052937227484e-02,1.642236382887e-02,1.239440595556e-02
5.602002503129e+01,1.948760803166e-02,2.279040135616e-02,2.024669102293e-02,1.613969190702e-02,1.214192351326e-02
5.632040050063e+01,1.938163287016e-02,2.256407925870e-02,1.996742406696e-02,1.586156199537e-02,1.189438970278e-02
5.662077596996e+01,1.927584974847e-02,2.233944805485e-02,1.969154409760e-02,1.558791254929e-02,1.165171554143e-02
5.692115143930e+01,1.917026391013e-02,2.211650753521e-02,1.941902359334e-02,1.531868244311e-02,1.141381331249e-02
5.722152690864e+01,1.906488052007e-02,2.189525716138e-02,1.914983483756e-02,1.505381098415e-02,1.118059656186e-02
5.752190237797e+01,1.895970466472e-02,2.167569607350e-02,1.888394993512e-02,1.479323792597e-02,1.095198009397e-02
5.782227784731e+01,1.885474135212e-02,2.145782309765e-02,1.862134082848e-02,1.453690348068e-02,1.072787996687e-02
5.812265331665e+01,1.874999551219e-02,2.124163675321e-02,1.836197931337e-02,1.428474833059e-02,1.050821348675e-02
5.842302878598e+01,1.864547199681e-02,2.102713526018e-02,1.810583705399e-02,1.403671363900e-02,1.029289920168e-02
5.872340425532e+01,1.854117558010e-02,2.081431654640e-02,1.785288559775e-02,1.379274106027e-02,1.008185689491e-02
5.902377972466e+01,1.843711095860e-02,2.060317825467e-02,1.760309638961e-02,1.355277274918e-02,9.875007577441e-03
5.932415519399e+01,1.833328275149e-02,2.039371774991e-02,1.735644078594e-02,1.331675136965e-02,9.672273480146e-03
5.962453066333e+01,1.822969550088e-02,2.018593212611e-02,1.711289006802e-02,1.308462010266e-02,9.473578045395e-03
5.992490613267e+01,1.812635367202e-02,1.997981821330e-02,1.687241545500e-02,1.285632265368e-02,9.278845918183e-03
6.022528160200e+01,1.802326165363e-02,1.977537258442e-02,1.663498811660e-02,1.263180325939e-02,9.088002936841e-03
6.052565707134e+01,1.792042375812e-02,1.957259156205e-02,1.640057918528e-02,1.241100669382e-02,8.900976123344e-03
6.082603254068e+01,1.781784422196e-02,1.937147122520e-02,1.616915976806e-02,1.219387827394e-02,8.717693673234e-03
6.112640801001e+01,1.771552720592e-02,1.917200741586e-02,1.594070095799e-02,1.198036386466e-02,8.538084945217e-03
6.142678347935e+01,1.761347679548e-02,1.897419574558e-02,1.571517384513e-02,1.177040988333e-02,8.362080450416e-03
6.172715894869e+01,1.751169700108e-02,1.877803160195e-02,1.549254952730e-02,1.156396330372e-02,8.189611841354e-03
6.202753441802e+01,1.741019175855e-02,1.858351015491e-02,1.527279912031e-02,1.136097165950e-02,8.020611900649e-03
6.232790988736e+01,1.730896492940e-02,1.839062636314e-02,1.505589376793e-02,1.116138304727e-02,7.855014529476e-03
6.262828535670e+01,1.720802030126e-02,1.819937498020e-02,1.484180465151e-02,1.096514612910e-02,7.692754735797e-03
6.292866082603e+01,1.710736158820e-02,1.800975056066e-02,1.463050299916e-02,1.077221013468e-02,7.533768622399e-03
6.322903629537e+01,1.700699243119e-02,1.782174746619e-02,1.442196009470e-02,1.058252486304e-02,7.377993374736e-03
6.352941176471e+01,1.690691639842e-02,1.763535987146e-02,1.421614728622e-02,1.039604068384e-02,7.225367248624e-03
6.382978723404e+01,1.680713698582e-02,1.745058177004e-02,1.401303599432e-02,1.021270853833e-02,7.075829557783e-03
6.413016270338e+01,1.670765761739e-02,1.726740698016e-02,1.381259772004e-02,1.003247993992e-02,6.929320661257e-03
6.443053817272e+01,1.660848164568e-02,1.708582915042e-02,1.361480405249e-02,9.855306974397e-03,6.785781950720e-03
6.473091364205e+01,1.650961235222e-02,1.690584176538e-02,1.341962667617e-02,9.681142299793e-03,6.645155837697e-03
6.503128911139e+01,1.641105294799e-02,1.672743815108e-02,1.322703737799e-02,9.509939145992e-03,6.507385740700e-03
6.533166458073e+01,1.631280657386e-02,1.655061148050e-02,1.303700805399e-02,9.341651313978e-03,6.372416072301e-03
6.563204005006e+01,1.621487630105e-02,1.637535477885e-02,1.284951071582e-02,9.176233174817e-03,6.240192226160e-03
6.593241551940e+01,1.611726513164e-02,1.620166092887e-02,1.266451749688e-02,9.013639668358e-03,6.110660564012e-03
6.623279098874e+01,1.601997599902e-02,1.602952267597e-02,1.248200065828e-02,8.853826301676e-03,5.983768402628e-03
6.653316645807e+01,1.592301176839e-02,1.585893263334e-02,1.230193259444e-02,8.696749147263e-03,5.859464000769e-03
6.683354192741e+01,1.582637523729e-02,1.568988328690e-02,1.212428583851e-02,8.542364840978e-03,5.737696546130e-03
6.713391739675e+01,1.573006913605e-02,1.552236700025e-02,1.194903306750e-02,8.390630579784e-03,5.618416142301e-03
6.743429286608e+01,1.563409612833e-02,1.535637601946e-02,1.177614710720e-02,8.241504119256e-03,5.501573795739e-03
6.773466833542e+01,1.553845881167e-02,1.519190247781e-02,1.160560093685e-02,8.094943770899e-03,5.387121402773e-03
6.803504380476e+01,1.544315971794e-02,1.502893840043e-02,1.143736769354e-02,7.950908399270e-03,5.275011736641e-03
6.833541927409e+01,1.534820131393e-02,1.486747570889e-02,1.127142067648e-02,7.809357418922e-03,5.165198434572e-03
6.863579474343e+01,1.525358600187e-02,1.470750622564e-02,1.110773335094e-02,7.670250791172e-03,5.057635984929e-03
6.893617021277e+01,1.515931611996e-02,1.454902167842e-02,1.094627935211e-02,7.533549020716e-03,4.952279714393e-03
6.923654568210e+01,1.506539394292e-02,1.439201370457e-02,1.078703248861e-02,7.399213152086e-03,4.849085775237e-03
6.953692115144e+01,1.497182168255e-02,1.423647385524e-02,1.062996674591e-02,7.267204765969e-03,4.748011132649e-03
6.983729662078e+01,1.487860148825e-02,1.408239359952e-02,1.047505628951e-02,7.137485975390e-03,4.649013552153e-03
7.013767209011e+01,1.478573544765e-02,1.392976432855e-02,1.032227546795e-02,7.010019421776e-03,4.552051587102e-03
7.043804755945e+01,1.469322558708e-02,1.377857735943e-02,1.017159881562e-02,6.884768270892e-03,4.457084566269e-03
7.073842302879e+01,1.460107387221e-02,1.362882393917e-02,1.002300105540e-02,6.761696208682e-03,4.364072581523e-03
7.103879849812e+01,1.450928220858e-02,1.348049524845e-02,9.876457101134e-03,6.640767436995e-03,4.272976475612e-03
7.133917396746e+01,1.441785244221e-02,1.333358240542e-02,9.731942059917e-03,6.521946669230e-03,4.183757830043e-03
7.163954943680e+01,1.432678636012e-02,1.318807646929e-02,9.589431234260e-03,6.405199125884e-03,4.096378953077e-03
7.193992490613e+01,1.423608569096e-02,1.304396844394e-02,9.448900124056e-03,6.290490530022e-03,4.010802867822e-03
7.224030037547e+01,1.414575210558e-02,1.290124928144e-02,9.310324428417e-03,6.177787102680e-03,3.926993300450e-03
7.254067584481e+01,1.405578721759e-02,1.275990988543e-02,9.173680047358e-03,6.067055558190e-03,3.844914668525e-03
7.284105131414e+01,1.396619258397e-02,1.261994111449e-02,9.038943083337e-03,5.958263099451e-03,3.764532069455e-03
7.314142678348e+01,1.387696970567e-02,1.248133378541e-02,8.906089842662e-03,5.851377413139e-03,3.685811269057e-03
7.344180225282e+01,1.378812002817e-02,1.234407867639e-02,8.775096836762e-03,5.746366664872e-03,3.608718690257e-03
7.374217772215e+01,1.369964494206e-02,1.220816653017e-02,8.645940783326e-03,5.643199494323e-03,3.533221401904e-03
7.404255319149e+01,1.361154578371e-02,1.207358805706e-02,8.518598607324e-03,5.541845010302e-03,3.459287107723e-03
7.434292866083e+01,1.352382383577e-02,1.194033393794e-02,8.393047441900e-03,5.442272785791e-03,3.386884135389e-03
7.464330413016e+01,1.343648032782e-02,1.180839482716e-02,8.269264629154e-03,5.344452852957e-03,3.315981425736e-03
7.494367959950e+01,1.334951643697e-02,1.167776135541e-02,8.147227720811e-03,5.248355698140e-03,3.246548522093e-03
7.524405506884e+01,1.326293328842e-02,1.154842413242e-02,8.026914478780e-03,5.153952256809e-03,3.178555559758e-03
7.554443053817e+01,1.317673195608e-02,1.142037374976e-02,7.908302875608e-03,5.061213908511e-03,3.111973255605e-03
7.584480600751e+01,1.309091346319e-02,1.129360078338e-02,7.791371094834e-03,4.970112471798e-03,3.046772897819e-03
7.614518147685e+01,1.300547878287e-02,1.116809579624e-02,7.676097531246e-03,4.880620199149e-03,2.982926335774e-03
7.644555694618e+01,1.292042883874e-02,1.104384934083e-02,7.562460791046e-03,4.792709771881e-03,2.920405970042e-03
7.674593241552e+01,1.283576450556e-02,1.092085196152e-02,7.450439691919e-03,4.706354295060e-03,2.859184742537e-03
7.704630788486e+01,1.275148660973e-02,1.079909419705e-02,7.340013263021e-03,4.621527292408e-03,2.799236126797e-03
7.734668335419e+01,1.266759592999e-02,1.067856658275e-02,7.231160744883e-03,4.538202701215e-03,2.740534118398e-03
7.764705882353e+01,1.258409319796e-02,1.055925965287e-02,7.123861589229e-03,4.456354867257e-03,2.683053225510e-03
7.794743429287e+01,1.250097909874e-02,1.044116394270e-02,7.018095458724e-03,4.375958539721e-03,2.626768459579e-03
7.824780976220e+01,1.241825427151e-02,1.032426999077e-02,6.913842226642e-03,4.296988866140e-03,2.571655326155e-03
7.854818523154e+01,1.233591931013e-02,1.020856834087e-02,6.811081976469e-03,4.219421387343e-03,2.517689815844e-03
7.884856070088e+01,1.225397476373e-02,1.009404954409e-02,6.709795001430e-03,4.143232032424e-03,2.464848395401e-03
7.914893617021e+01,1.217242113730e-02,9.980704160805e-03,6.609961803956e-03,4.068397113721e-03,2.413107998957e-03
7.944931163955e+01,1.209125889226e-02,9.868522762518e-03,6.511563095088e-03,3.994893321821e-03,2.362446019374e-03
7.974968710889e+01,1.201048844710e-02,9.757495933761e-03,6.414579793817e-03,3.922697720589e-03,2.312840299735e-03
8.005006257822e+01,1.193011017789e-02,9.647614273869e-03,6.318993026373e-03,3.851787742214e-03,2.264269124968e-03
8.035043804756e+01,1.185012441895e-02,9.538868398723e-03,6.224784125450e-03,3.782141182285e-03,2.216711213596e-03
8.065081351690e+01,1.177053146336e-02,9.431248942442e-03,6.131934629386e-03,3.713736194896e-03,2.170145709621e-03
8.095118898623e+01,1.169133156357e-02,9.324746559020e-03,6.040426281291e-03,3.646551287779e-03,2.124552174533e-03
8.125156445557e+01,1.161252493199e-02,9.219351923914e-03,5.950241028126e-03,3.580565317465e-03,2.079910579450e-03
8.155193992491e+01,1.153411174155e-02,9.115055735583e-03,5.861361019735e-03,3.515757484478e-03,2.036201297383e-03
8.185231539424e+01,1.145609212628e-02,9.011848716977e-03,5.773768607837e-03,3.452107328564e-03,1.993405095630e-03
8.215269086358e+01,1.137846618186e-02,8.909721616981e-03,5.687446344975e-03,3.389594723958e-03,1.951503128286e-03
8.245306633292e+01,1.130123396624e-02,8.808665211810e-03,5.602376983423e-03,3.328199874674e-03,1.910476928888e-03
8.275344180225e+01,1.122439550014e-02,8.708670306359e-03,5.518543474062e-03,3.267903309846e-03,1.870308403173e-03
8.305381727159e+01,1.114795076765e-02,8.609727735505e-03,5.435928965213e-03,3.208685879100e-03,1.830979821962e-03
8.335419274093e+01,1.107189971681e-02,8.511828365375e-03,5.354516801445e-03,3.150528747962e-03,1.792473814162e-03
8.365456821026e+01,1.099624226012e-02,8.414963094554e-03,5.274290522342e-03,3.093413393313e-03,1.754773359885e-03
8.395494367960e+01,1.092097827512e-02,8.319122855267e-03,5.195233861246e-03,3.037321598879e-03,1.717861783687e-03
8.425531914894e+01,1.084610760494e-02,8.224298614510e-03,5.117330743972e-03,2.982235450759e-03,1.681722747922e-03
8.455569461827e+01,1.077163005885e-02,8.130481375144e-03,5.040565287494e-03,2.928137333006e-03,1.646340246208e-03
8.485607008761e+01,1.069754541279e-02,8.037662176946e-03,4.964921798606e-03,2.875009923235e-03,1.611698597009e-03
8.515644555695e+01,1.062385340993e-02,7.945832097623e-03,4.890384772561e-03,2.822836188289e-03,1.577782437328e-03
8.545682102628e+01,1.055055376119e-02,7.854982253790e-03,4.816938891687e-03,2.771599379934e-03,1.544576716510e-03
8.575719649562e+01,1.047764614580e-02,7.765103801904e-03,4.744569023984e-03,2.721283030614e-03,1.512066690152e-03
8.605757196496e+01,1.040513021180e-02,7.676187939169e-03,4.673260221699e-03,2.671870949229e-03,1.480237914125e-03
8.635794743429e+01,1.033300557658e-02,7.588225904400e-03,4.602997719886e-03,2.623347216981e-03,1.449076238699e-03
8.665832290363e+01,1.026127182742e-02,7.501208978852e-03,4.533766934948e-03,2.575696183245e-03,1.418567802772e-03
8.695869837297e+01,1.018992852197e-02,7.415128487020e-03,4.465553463165e-03,2.528902461496e-03,1.388699028203e-03
8.725907384230e+01,1.011897518882e-02,7.329975797395e-03,4.398343079209e-03,2.482950925282e-03,1.359456614251e-03
8.755944931164e+01,1.004841132797e-02,7.245742323200e-03,4.332121734638e-03,2.437826704231e-03,1.330827532106e-03
8.785982478098e+01,9.978236411337e-03,7.162419523081e-03,4.266875556393e-03,2.393515180119e-03,1.302799019528e-03
8.816020025031e+01,9.908449883299e-03,7.079998901778e-03,4.202590845271e-03,2.350001982973e-03,1.275358575577e-03
8.846057571965e+01,9.839051161159e-03,6.998472010758e-03,4.139254074396e-03,2.307272987223e-03,1.248493955443e-03
8.876095118899e+01,9.770039635652e-03,6.917830448819e-03,4.076851887680e-03,2.265314307899e-03,1.222193165368e-03
8.906132665832e+01,9.701414671442e-03,6.838065862669e-03,4.015371098271e-03,2.224112296878e-03,1.196444457664e-03
8.936170212766e+01,9.633175607607e-03,6.759169947470e-03,3.954798687006e-03,2.183653539169e-03,1.171236325821e-03
8.966207759700e+01,9.565321758122e-03,6.681134447358e-03,3.895121800848e-03,2.143924849252e-03,1.146557499707e-03
8.996245306633e+01,9.497852412341e-03,6.603951155935e-03,3.836327751321e-03,2.104913267456e-03,1.122396940855e-03
9.026282853567e+01,9.430766835475e-03,6.527611916737e-03,3.778404012943e-03,2.066606056388e-03,1.098743837842e-03
9.056320400501e+01,9.364064269059e-03,6.452108623667e-03,3.721338221657e-03,2.028990697404e-03,1.075587601749e-03
9.086357947434e+01,9.297743931424e-03,6.377433221417e-03,3.665118173252e-03,1.992054887125e-03,1.052917861709e-03
9.116395494368e+01,9.231805018158e-03,6.303577705849e-03,3.609731821796e-03,1.955786534003e-03,1.030724460542e-03
9.146433041302e+01,9.166246702564e-03,6.230534124366e-03,3.555167278051e-03,1.920173754924e-03,1.008997450464e-03
9.176470588235e+01,9.101068136120e-03,6.158294576253e-03,3.501412807905e-03,1.885204871866e-03,9.877270888838e-04
9.206508135169e+01,9.036268448922e-03,6.086851212989e-03,3.448456830789e-03,1.850868408591e-03,9.669038342793e-04
9.236545682103e+01,8.971846750136e-03,6.016196238553e-03,3.396287918111e-03,1.817153087388e-03,9.465183421484e-04
9.266583229036e+01,8.907802128438e-03,5.946321909692e-03,3.344894791676e-03,1.784047825862e-03,9.265614610400e-04
9.296620775970e+01,8.844133652450e-03,5.877220536175e-03,3.294266322118e-03,1.751541733756e-03,9.070242286600e-04
9.326658322904e+01,8.780840371174e-03,5.808884481027e-03,3.244391527335e-03,1.719624109832e-03,8.878978680513e-04
9.356695869837e+01,8.717921314422e-03,5.741306160742e-03,3.195259570923e-03,1.688284438781e-03,8.691737838486e-04
9.386733416771e+01,8.655375493237e-03,5.674478045472e-03,3.146859760616e-03,1.657512388187e-03,8.508435586033e-04
9.416770963705e+01,8.593201900316e-03,5.608392659205e-03,3.099181546731e-03,1.627297805526e-03,8.328989491812e-04
9.446808510638e+01,8.531399510424e-03,5.543042579920e-03,3.052214520619e-03,1.597630715208e-03,8.153318832281e-04
9.476846057572e+01,8.469967280805e-03,5.478420439721e-03,3.005948413115e-03,1.568501315671e-03,7.981344557049e-04
9.506883604506e+01,8.408904151587e-03,5.414518924960e-03,2.960373093007e-03,1.539899976502e-03,7.812989254899e-04
9.536921151439e+01,8.348209046188e-03,5.351330776337e-03,2.915478565493e-03,1.511817235607e-03,7.648177120464e-04
9.566958698373e+01,8.287880871711e-03,5.288848788988e-03,2.871254970663e-03,1.484243796424e-03,7.486833921560e-04
9.596996245307e+01,8.227918519335e-03,5.227065812554e-03,2.827692581974e-03,1.457170525174e-03,7.328886967152e-04
9.627033792240e+01,8.168320864710e-03,5.165974751238e-03,2.784781804742e-03,1.430588448148e-03,7.174265075950e-04
9.657071339174e+01,8.109086768336e-03,5.105568563838e-03,2.742513174634e-03,1.404488749042e-03,7.022898545612e-04
9.687108886108e+01,8.050215075944e-03,5.045840263779e-03,2.700877356174e-03,1.378862766325e-03,6.874719122566e-04
9.717146433041e+01,7.991704618875e-03,4.986782919115e-03,2.659865141253e-03,1.353701990650e-03,6.729659972408e-04
9.747183979975e+01,7.933554214445e-03,4.928389652534e-03,2.619467447652e-03,1.328998062300e-03,6.587655650897e-04
9.777221526909e+01,7.875762666319e-03,4.870653641334e-03,2.579675317566e-03,1.304742768678e-03,6.448642075511e-04
9.807259073842e+01,7.818328764867e-03,4.813568117395e-03,2.540479916151e-03,1.280928041828e-03,6.312556497574e-04
9.837296620776e+01,7.761251287526e-03,4.757126367136e-03,2.501872530064e-03,1.257545955996e-03,6.179337474930e-04
9.867334167710e+01,7.704528999151e-03,4.701321731460e-03,2.463844566022e-03,1.234588725232e-03,6.048924845154e-04
9.897371714643e+01,7.648160652368e-03,4.646147605687e-03,2.426387549372e-03,1.212048701026e-03,5.921259699306e-04
9.927409261577e+01,7.592144987913e-03,4.591597439475e-03,2.389493122665e-03,1.189918369973e-03,5.796284356195e-04
9.957446808511e+01,7.536480734978e-03,4.537664736730e-03,2.353153044246e-03,1.168190351490e-03,5.673942337160e-04
9.987484355444e+01,7.481166611547e-03,4.484343055505e-03,2.317359186849e-03,1.146857395552e-03,5.554178341356e-04
1.001752190238e+02,7.426201324723e-03,4.431626007891e-03,2.282103536207e-03,1.125912380471e-03,5.436938221528e-04
1.004755944931e+02,7.371583571060e-03,4.379507259894e-03,2.247378189669e-03,1.105348310713e-03,5.322168960272e-04
1.007759699625e+02,7.317312036886e-03,4.327980531305e-03,2.213175354831e-03,1.085158314738e-03,5.209818646772e-04
1.010763454318e+02,7.263385398622e-03,4.277039595561e-03,2.179487348176e-03,1.065335642886e-03,5.099836453998e-04
1.013767209011e+02,7.209802323095e-03,4.226678279594e-03,2.146306593727e-03,1.045873665289e-03,4.992172616366e-04
1.016770963705e+02,7.156561467850e-03,4.176890463673e-03,2.113625621708e-03,1.026765869816e-03,4.886778407847e-04
1.019774718398e+02,7.103661481459e-03,4.127670081238e-03,2.081437067218e-03,1.008005860055e-03,4.783606120510e-04
1.022778473091e+02,7.051101003818e-03,4.079011118727e-03,2.049733668918e-03,9.895873533229e-04,4.682609043504e-04
1.025782227785e+02,6.998878666451e-03,4.030907615391e-03,2.018508267727e-03,9.715041787080e-04,4.583741442459e-04
1.028785982478e+02,6.946993092798e-03,3.983353663105e-03,1.987753805531e-03,9.537502751463e-04,4.486958539302e-04
1.031789737171e+02,6.895442898513e-03,3.936343406171e-03,1.957463323901e-03,9.363196895247e-04,4.392216492485e-04
1.034793491865e+02,6.844226691740e-03,3.889871041112e-03,1.927629962828e-03,9.192065748179e-04,4.299472377608e-04
1.037797246558e+02,6.793343073403e-03,3.843930816464e-03,1.898246959463e-03,9.024051882534e-04,4.208684168437e-04
1.040801001252e+02,6.742790637481e-03,3.798517032556e-03,1.869307646875e-03,8.859098895073e-04,4.119810718300e-04
1.043804755945e+02,6.692567971280e-03,3.753624041286e-03,1.840805452817e-03,8.697151389284e-04,4.032811741874e-04
1.046808510638e+02,6.642673655707e-03,3.709246245894e-03,1.812733898503e-03,8.538154957922e-04,3.947647797323e-04
1.049812265332e+02,6.593106265529e-03,3.665378100722e-03,1.785086597401e-03,8.382056165825e-04,3.864280268815e-04
1.052816020025e+02,6.543864369644e-03,3.622014110978e-03,1.757857254035e-03,8.228802533013e-04,3.782671349384e-04
1.055819774718e+02,6.494946531332e-03,3.579148832485e-03,1.731039662798e-03,8.078342518064e-04,3.702784024147e-04
1.058823529412e+02,6.446351308510e-03,3.536776871435e-03,1.704627706779e-03,7.930625501767e-04,3.624582053856e-04
1.061827284105e+02,6.398077253987e-03,3.494892884126e-03,1.678615356602e-03,7.785601771035e-04,3.548029958794e-04
1.064831038798e+02,6.350122915706e-03,3.453491576710e-03,1.652996669276e-03,7.643222503088e-04,3.473093002990e-04
1.067834793492e+02,6.302486836986e-03,3.412567704919e-03,1.627765787055e-03,7.503439749902e-04,3.399737178762e-04
1.070838548185e+02,6.255167556766e-03,3.372116073804e-03,1.602916936312e-03,7.366206422908e-04,3.327929191576e-04
1.073842302879e+02,6.208163609836e-03,3.332131537454e-03,1.578444426428e-03,7.231476277943e-04,3.257636445210e-04
1.076846057572e+02,6.161473527069e-03,3.292608998726e-03,1.554342648684e-03,7.099203900465e-04,3.188827027227e-04
1.079849812265e+02,6.115095835650e-03,3.253543408961e-03,1.530606075177e-03,6.969344690998e-04,3.121469694740e-04
1.082853566959e+02,6.069029059299e-03,3.214929767698e-03,1.507229257732e-03,6.841854850829e-04,3.055533860474e-04
1.085857321652e+02,6.023271718495e-03,3.176763122392e-03,1.484206826845e-03,6.716691367943e-04,2.990989579108e-04
1.088861076345e+02,5.977822330688e-03,3.139038568121e-03,1.461533490617e-03,6.593812003190e-04,2.927807533904e-04
1.091864831039e+02,5.932679410516e-03,3.101751247290e-03,1.439204033719e-03,6.473175276693e-04,2.865959023601e-04
1.094868585732e+02,5.887841470012e-03,3.064896349342e-03,1.417213316354e-03,6.354740454471e-04,2.805415949589e-04
1.097872340426e+02,5.843307018815e-03,3.028469110454e-03,1.395556273238e-03,6.238467535299e-04,2.746150803339e-04
1.100876095119e+02,5.799074564368e-03,2.992464813238e-03,1.374227912591e-03,6.124317237787e-04,2.688136654095e-04
1.103879849812e+02,5.755142612121e-03,2.956878786438e-03,1.353223315139e-03,6.012250987672e-04,2.631347136815e-04
1.106883604506e+02,5.711509665727e-03,2.921706404627e-03,1.332537633127e-03,5.902230905332e-04,2.575756440369e-04
1.109887359199e+02,5.668174227232e-03,2.886943087895e-03,1.312166089343e-03,5.794219793507e-04,2.521339295969e-04
1.112891113892e+02,5.625134797268e-03,2.852584301548e-03,1.292103976158e-03,5.688181125231e-04,2.468070965846e-04
1.115894868586e+02,5.582389875237e-03,2.818625555788e-03,1.272346654569e-03,5.584079031970e-04,2.415927232158e-04
1.118898623279e+02,5.539937959494e-03,2.785062405409e-03,1.252889553257e-03,5.481878291960e-04,2.364884386126e-04
1.121902377972e+02,5.497777547528e-03,2.751890449481e-03,1.233728167663e-03,5.381544318741e-04,2.314919217393e-04
1.124906132666e+02,5.455907136139e-03,2.719105331034e-03,1.214858059061e-03,5.283043149896e-04,2.266009003607e-04
1.127909887359e+02,5.414325221609e-03,2.686702736743e-03,1.196274853655e-03,5.186341435974e-04,2.218131500217e-04
1.130913642053e+02,5.373030299873e-03,2.654678396613e-03,1.177974241677e-03,5.091406429607e-04,2.171264930477e-04
1.133917396746e+02,5.332020866688e-03,2.623028083659e-03,1.159951976505e-03,4.998205974812e-04,2.125387975664e-04
1.136921151439e+02,5.291295417794e-03,2.591747613588e-03,1.142203873780e-03,4.906708496479e-04,2.080479765490e-04
1.139924906133e+02,5.250852449077e-03,2.560832844482e-03,1.124725810549e-03,4.816882990033e-04,2.036519868721e-04
1.142928660826e+02,5.210690456728e-03,2.530279676475e-03,1.107513724403e-03,4.728699011288e-04,1.993488283981e-04
1.145932415519e+02,5.170807937395e-03,2.500084051434e-03,1.090563612637e-03,4.642126666459e-04,1.951365430758e-04
1.148936170213e+02,5.131203388337e-03,2.470241952639e-03,1.073871531413e-03,4.557136602359e-04,1.910132140583e-04
1.151939924906e+02,5.091875307575e-03,2.440749404464e-03,1.057433594937e-03,4.473699996761e-04,1.869769648406e-04
1.154943679599e+02,5.052822194033e-03,2.411602472049e-03,1.041245974646e-03,4.391788548923e-04,1.830259584139e-04
1.157947434293e+02,5.014042547686e-03,2.382797260987e-03,1.025304898404e-03,4.311374470287e-04,1.791583964382e-04
1.160951188986e+02,4.975534869700e-03,2.354329916998e-03,1.009606649711e-03,4.232430475328e-04,1.753725184320e-04
1.163954943680e+02,4.937297662570e-03,2.326196625608e-03,9.941475669151e-04,4.154929772570e-04,1.716666009781e-04
1.166958698373e+02,4.899329430251e-03,2.298393611832e-03,9.789240424418e-04,4.078846055754e-04,1.680389569474e-04
1.169962453066e+02,4.861628678297e-03,2.270917139846e-03,9.639325220303e-04,4.004153495162e-04,1.644879347370e-04
1.172966207760e+02,4.824193913986e-03,2.243763512675e-03,9.491695039788e-04,3.930826729091e-04,1.610119175258e-04
1.175969962453e+02,4.787023646449e-03,2.216929071865e-03,9.346315384001e-04,3.858840855475e-04,1.576093225443e-04
1.178973717146e+02,4.750116386794e-03,2.190410197169e-03,9.203152264868e-04,3.788171423654e-04,1.542786003608e-04
1.181977471840e+02,4.713470648228e-03,2.164203306226e-03,9.062172197861e-04,3.718794426287e-04,1.510182341812e-04
1.184981226533e+02,4.677084946175e-03,2.138304854241e-03,8.923342194831e-04,3.650686291408e-04,1.478267391644e-04
1.187984981227e+02,4.640957798395e-03,2.112711333670e-03,8.786629756944e-04,3.583823874613e-04,1.447026617514e-04
1.190988735920e+02,4.605087725098e-03,2.087419273901e-03,8.652002867704e-04,3.518184451400e-04,1.416445790087e-04
1.193992490613e+02,4.569473249054e-03,2.062425240937e-03,8.519429986063e-04,3.453745709624e-04,1.386510979850e-04
1.196996245307e+02,4.534112895704e-03,2.037725837081e-03,8.388880039627e-04,3.390485742097e-04,1.357208550820e-04
1.200000000000e+02,4.499005193265e-03,2.013317700625e-03,8.260322417951e-04,3.328383039318e-04,1.328525154374e-04
