eta0_m,umax_h2_2,duration_h2_2,umax_h2_3,duration_h2_3,umax_h2_5,duration_h2_5
1.000000000000e-01,1.440020325060e-02,1.946644173841e+02,1.129644882685e-02,2.554008769372e+02,7.987795568790e-03,4.068378575224e+02
2.000000000000e-01,2.880040650120e-02,1.348549247440e+02,2.259289765369e-02,1.783933055154e+02,1.597559113758e-02,2.862536603336e+02
3.000000000000e-01,4.320060975179e-02,1.079183599572e+02,3.388934648054e-02,1.439026140859e+02,2.396338670637e-02,2.325737795959e+02
4.000000000000e-01,5.760081300239e-02,9.163723903454e+01,4.518579530739e-02,1.231397085233e+02,3.195118227516e-02,2.004274739265e+02
5.000000000000e-01,7.200101625299e-02,8.039485356794e+01,5.648224413423e-02,1.088437447292e+02,3.993897784395e-02,1.783933055154e+02
6.000000000000e-01,8.640121950359e-02,7.201249435076e+01,6.777869296108e-02,9.820493817208e+01,4.792677341274e-02,1.620595282802e+02
7.000000000000e-01,1.008014227542e-01,6.544217791784e+01,7.907514178793e-02,8.987504697093e+01,5.591456898153e-02,1.493131475369e+02
8.000000000000e-01,1.152016260048e-01,6.010803389082e+01,9.037159061477e-02,8.311506279696e+01,6.390236455032e-02,1.389981716043e+02
9.000000000000e-01,1.296018292554e-01,5.566333098059e+01,1.016680394416e-01,7.748116491353e+01,7.189016011911e-02,1.304217055215e+02
1.000000000000e+00,1.440020325060e-01,5.188484765869e+01,1.129644882685e-01,7.268836387733e+01,7.987795568790e-02,1.231397085233e+02
1.100000000000e+00,1.584022357566e-01,4.862131755148e+01,1.242609370953e-01,6.854403523896e+01,8.786575125669e-02,1.168526640701e+02
1.200000000000e+00,1.728024390072e-01,4.576599160760e+01,1.355573859222e-01,6.491259222352e+01,9.585354682548e-02,1.113501822122e+02
1.300000000000e+00,1.872026422578e-01,4.324101611362e+01,1.468538347490e-01,6.169539914412e+01,1.038413423943e-01,1.064795326744e+02
1.400000000000e+00,2.016028455084e-01,4.098804279740e+01,1.581502835759e-01,5.881871489379e+01,1.118291379631e-01,1.021267766483e+02
1.500000000000e+00,2.160030487590e-01,3.896232766514e+01,1.694467324027e-01,5.622612686438e+01,1.198169335318e-01,9.820493817208e+01
