eps,ub,Gamma,ratio,drift_m,drift_closed_form_m
2.000000000000e-04,1.855584366780e+00,3.956684663424e-02,9.560098580600e-01,4.028574860499e-07,4.213946986566e-07
3.988159296636e-04,1.855808504597e+00,5.587281212258e-02,9.375576831446e-01,1.570644216215e-06,1.675250754649e-06
7.952707287671e-04,1.856255366244e+00,7.889567599593e-02,9.123450445723e-01,6.073642468270e-06,6.657177023543e-06
1.585833175137e-03,1.857146172046e+00,1.114078694800e-01,8.793587523987e-01,2.325770123364e-05,2.644847870132e-05
3.162277660168e-03,1.858921464874e+00,1.573097999413e-01,8.365824827037e-01,8.781365062183e-05,1.049671161390e-04
6.305833524472e-03,1.862457204137e+00,2.221154757810e-01,7.822975833586e-01,3.253421232313e-04,4.158802611079e-04
1.257433429683e-02,1.869490806949e+00,3.135842963867e-01,7.162807219256e-01,1.176034623112e-03,1.641862732185e-03
2.507422411245e-02,1.883449562553e+00,4.426108525734e-01,6.397339302747e-01,4.116965848820e-03,6.435434567387e-03
5.000000000000e-02,1.911024599016e+00,6.244452548803e-01,5.562286458635e-01,1.383845544145e-02,2.487907723625e-02
