Uc,block,dome,table,spider,tetra
0.000000000000e+00,-8.103183041574e-16,2.100187699530e-15,4.419998149596e-02,-5.256212132210e-14,3.810146559626e-11
2.500000000000e-02,-6.494260899216e-16,1.694708369009e-15,3.437853386978e+00,3.479116981296e+01,2.831785951460e+00
5.000000000000e-02,-4.979791400220e-16,1.562517866106e-15,1.105179367388e+01,6.939647747004e+01,9.953370395732e+00
7.500000000000e-02,-9.550872462712e-16,1.854262138816e-15,2.128208589656e+01,1.035903943765e+02,1.973805367288e+01
1.000000000000e-01,-5.079656584542e-16,1.753396317342e-15,3.362333891202e+01,1.371215469594e+02,3.163184613914e+01
1.250000000000e-01,-1.070780935444e-15,2.015381066718e-15,4.758425147542e+01,1.696196553680e+02,4.533332432743e+01
1.500000000000e-01,-1.472805642102e-15,1.944749953957e-15,6.322781405817e+01,2.004118993772e+02,6.064410903959e+01
1.750000000000e-01,-1.693637295821e-15,1.613374147826e-15,8.026875281548e+01,2.273660460172e+02,7.742538700600e+01
2.000000000000e-01,-1.321419678596e-15,1.653500322014e-15,9.876759553866e+01,2.533438433756e+02,9.557171502928e+01
2.250000000000e-01,-1.202140498962e-15,1.975822510575e-15,1.183877250884e+02,2.802980021192e+02,1.150021450994e+02
2.500000000000e-01,-1.405890886295e-15,1.100485427773e-15,1.393790593582e+02,3.082048117002e+02,1.356426615277e+02
2.750000000000e-01,-1.172732362071e-15,1.161317746217e-15,1.613840038958e+02,3.370463425903e+02,1.574425582936e+02
3.000000000000e-01,-1.529761831533e-15,1.064232523694e-15,1.844032177514e+02,3.668049809202e+02,1.803558439070e+02
3.250000000000e-01,-1.775194180799e-15,1.909426138812e-15,2.086046683753e+02,3.974614937687e+02,2.043383895861e+02
3.500000000000e-01,-1.801957986715e-15,1.976455879410e-15,2.338394565634e+02,4.290024359697e+02,2.293537937404e+02
3.750000000000e-01,-2.247540939164e-15,1.948027653854e-15,2.600693660849e+02,4.614132353084e+02,2.553767064239e+02
4.000000000000e-01,-1.588552694345e-15,1.331843901388e-15,2.872750145708e+02,4.946793113890e+02,2.823764455321e+02
4.250000000000e-01,-1.874468718619e-15,1.341693200292e-15,3.154303220835e+02,5.287879164763e+02,3.103316814179e+02
4.500000000000e-01,-1.919852267483e-15,1.350723829009e-15,3.445163379280e+02,5.637356222341e+02,3.392205505559e+02
4.750000000000e-01,-1.860610359617e-15,8.804049865683e-16,3.745125076629e+02,5.995139614382e+02,3.690232248405e+02
5.000000000000e-01,-2.224286073110e-15,1.183049223325e-15,4.054024900302e+02,6.361054201865e+02,3.997232272161e+02
5.250000000000e-01,-2.433907510482e-15,7.134821094509e-16,4.371734453112e+02,6.735126892988e+02,4.313049895646e+02
5.500000000000e-01,-2.139483252008e-15,1.000168086785e-15,4.698110618879e+02,7.117247500164e+02,4.637538628834e+02
5.750000000000e-01,-2.028043362307e-15,9.704234131135e-16,5.033007453811e+02,7.507358173535e+02,4.970596453908e+02
6.000000000000e-01,-1.761959820394e-15,1.008419828987e-15,5.376373801388e+02,7.905456370392e+02,5.312178134324e+02
